{"f329":{"is_on[g132,19]":-0.348656294200848,"is_on[g132,20]":-0.697312588401695,"is_on[g132,18]":-1.0,"segprod[g132,2,18]":0.0707213578500706,"segprod[g132,3,18]":0.0707213578500706,"rhs":0.0,"segprod[g132,1,18]":0.0707213578500706},"f52":{"is_on[g173,25]":-1.0,"overflow[l2375,25]":-0.0570623177572229,"prod_above[g173,25]":0.0570623177572228,"rhs":0.0},"f234":{"reserve[g223,32]":0.00156758517086383,"rhs":0.0,"is_on[g223,32]":-1.0,"is_on[g223,33]":-0.116528213799473},"f137":{"switch_on[g24,32]":0.170411337711718,"prod_above[g24,32]":0.0345661942620118,"segprod[g24,4,32]":-0.0345661942620118,"rhs":0.0,"is_on[g24,32]":-1.0,"switch_off[g24,33]":0.170411337711718},"f237":{"reserve[g223,18]":0.0013696753869333,"switch_off[g223,19]":0.133945193315737,"switch_on[g223,18]":0.133945193315737,"rhs":0.0,"is_on[g223,18]":-1.0},"f227":{"is_on[g45,21]":-1.0,"prod_above[g45,22]":-0.684931506849315,"reserve[g45,21]":0.684931506849315,"rhs":0.0},"r194":{"overflow[l2375,32]":-0.0763256234276908,"prod_above[g173,32]":0.0726115162910383,"segprod[g173,3,32]":0.00371410713665239,"is_on[g173,32]":-1.0,"segprod[g173,4,32]":-0.0726115162910383,"rhs":0.0,"segprod[g173,2,32]":0.00371410713665239,"segprod[g173,1,32]":0.00371410713665238},"f51":{"prod_above[g173,24]":0.0549606976051427,"overflow[l2375,24]":-0.0549606976051428,"rhs":0.0,"is_on[g173,24]":-1.0},"f232":{"is_on[g129,33]":-0.348656294200848,"is_on[g129,34]":-0.697312588401695,"is_on[g129,32]":-1.0,"segprod[g129,2,32]":0.0707213578500706,"segprod[g129,3,32]":0.0707213578500706,"rhs":0.0,"segprod[g129,1,32]":0.0707213578500706},"f243":{"switch_on[g223,31]":0.101907853173163,"switch_off[g223,32]":0.101907853173163,"reserve[g223,31]":0.0014203940173004,"rhs":0.0,"is_on[g223,31]":-1.0},"r327":{"is_on[g45,18]":0.31,"segprod[g45,4,23]":-0.5,"prod_above[g45,22]":0.712328767123288,"is_on[g45,22]":-0.908356164383562,"switch_on[g45,20]":-0.131643835616438,"prod_above[g45,23]":-0.212328767123288,"switch_on[g45,22]":0.31,"reserve[g45,22]":0.712328767123288,"segprod[g45,2,23]":-0.5,"segprod[g45,3,23]":-1.0,"switch_off[g45,20]":0.131643835616438,"switch_off[g45,22]":0.131643835616438,"rhs":0.0,"switch_off[g45,19]":0.131643835616438,"switch_off[g45,21]":0.131643835616438,"switch_on[g45,19]":-0.131643835616438,"switch_on[g45,21]":-0.131643835616438},"r196":{"switch_on[g274,18]":0.171418389166073,"is_on[g274,18]":-1.0,"segprod[g274,1,18]":0.0235321003016136,"segprod[g274,4,18]":-0.0121058184439317,"segprod[g274,2,18]":0.0235321003016136,"segprod[g274,3,18]":0.0235321003016136,"prod_above[g274,18]":0.0121058184439317,"rhs":0.0},"f36":{"overflow[l2375,7]":-0.0480513265049196,"prod_above[g173,7]":0.0480513265049196,"is_on[g173,7]":-1.0,"rhs":0.0},"f57":{"is_on[g173,30]":-1.0,"rhs":0.0,"prod_above[g173,30]":0.0526797115680433,"overflow[l2375,30]":-0.0526797115680434},"f23":{"segprod[g127,1,32]":0.0346140533056421,"switch_off[g127,33]":0.170647282796815,"segprod[g127,3,32]":0.0346140533056421,"switch_on[g127,32]":0.170647282796815,"segprod[g127,2,32]":0.0346140533056421,"is_on[g127,32]":-1.0,"rhs":0.0},"f55":{"prod_above[g173,28]":0.0597053421951982,"overflow[l2375,28]":-0.0597053421951983,"is_on[g173,28]":-1.0,"rhs":0.0},"f247":{"reserve[g223,32]":0.00140398169207874,"rhs":0.0,"switch_on[g223,32]":0.112281475759434,"is_on[g223,32]":-1.0,"switch_off[g223,33]":0.112281475759434},"r323":{"prod_above[g270,32]":0.0105109359572723,"switch_off[g270,33]":0.153144336897457,"switch_off[g270,32]":-0.101325422628105,"is_on[g270,32]":-1.0,"segprod[g270,4,32]":-0.0105109359572723,"is_on[g270,31]":0.101325422628105,"switch_on[g270,32]":0.101325422628105,"rhs":0.0,"segprod[g270,3,32]":0.0205528240624959,"segprod[g270,1,32]":0.0205528240624959,"segprod[g270,2,32]":0.0205528240624959},"f37":{"prod_above[g173,8]":0.0486580120282605,"is_on[g173,8]":-1.0,"overflow[l2375,8]":-0.0486580120282606,"rhs":0.0},"f138":{"segprod[g24,3,32]":0.0345661942620118,"switch_on[g24,32]":0.170411337711718,"segprod[g24,1,32]":0.0345661942620118,"segprod[g24,2,32]":0.0345661942620118,"rhs":0.0,"is_on[g24,32]":-1.0,"switch_off[g24,33]":0.170411337711718},"f338":{"switch_on[g205,18]":0.170411337711718,"prod_above[g205,18]":0.0345661942620118,"segprod[g205,4,18]":-0.0345661942620118,"is_on[g205,18]":-1.0,"rhs":0.0},"f339":{"switch_on[g205,18]":0.170411337711718,"segprod[g205,2,18]":0.0345661942620118,"segprod[g205,3,18]":0.0345661942620118,"segprod[g205,1,18]":0.0345661942620118,"rhs":0.0,"is_on[g205,18]":-1.0},"f229":{"reserve[g45,22]":0.684931506849315,"rhs":0.0,"prod_above[g45,23]":-0.684931506849315,"is_on[g45,22]":-1.0},"r198":{"prod_above[g16,32]":0.0206973072163189,"is_on[g16,32]":-1.0,"switch_off[g16,33]":0.221461187214612,"segprod[g16,4,32]":-0.0206973072163189,"segprod[g16,2,32]":0.0363803183544574,"segprod[g16,3,32]":0.0363803183544574,"rhs":0.0,"segprod[g16,1,32]":0.0363803183544574},"r197":{"is_on[g274,18]":-1.0,"switch_off[g274,19]":0.171418389166073,"segprod[g274,1,18]":0.0235321003016136,"segprod[g274,4,18]":-0.0121058184439317,"segprod[g274,2,18]":0.0235321003016136,"segprod[g274,3,18]":0.0235321003016136,"prod_above[g274,18]":0.0121058184439317,"rhs":0.0},"f16":{"switch_on[g274,18]":0.171418389166073,"is_on[g274,18]":-1.0,"segprod[g274,1,18]":0.0356379187455453,"rhs":0.0,"segprod[g274,2,18]":0.0356379187455453,"segprod[g274,3,18]":0.0356379187455453},"r206":{"segprod[g274,1,32]":0.0211393499163809,"segprod[g274,3,32]":0.0211393499163809,"segprod[g274,4,32]":-0.0108748955184804,"prod_above[g274,32]":0.0108748955184804,"rhs":0.0,"is_on[g274,33]":0.101680273097792,"switch_off[g274,33]":0.255668793639475,"segprod[g274,2,32]":0.0211393499163809,"switch_on[g274,33]":-0.101680273097792,"is_on[g274,32]":-1.0},"r201":{"switch_off[g54,33]":0.170611091487107,"segprod[g54,2,32]":0.0233672794224124,"segprod[g54,3,32]":0.0233672794224124,"is_on[g54,32]":-1.0,"prod_above[g54,32]":0.0119559279248148,"rhs":0.0,"switch_on[g54,32]":0.170611091487107,"segprod[g54,1,32]":0.0233672794224124,"segprod[g54,4,32]":-0.0119559279248148},"f222":{"reserve[g223,18]":0.00156753423361029,"rhs":0.0,"is_on[g223,18]":-1.0,"is_on[g223,19]":-0.144456743958875},"f35":{"prod_above[g173,6]":0.0575454450766131,"is_on[g173,6]":-1.0,"overflow[l2375,6]":-0.0575454450766132,"rhs":0.0},"f233":{"segprod[g205,1,32]":0.0707213578500706,"segprod[g205,2,32]":0.0707213578500706,"segprod[g205,3,32]":0.0707213578500706,"rhs":0.0,"is_on[g205,34]":-0.697312588401695,"is_on[g205,32]":-1.0,"is_on[g205,33]":-0.348656294200848},"f50":{"overflow[l2375,23]":-0.053660908135745,"prod_above[g173,23]":0.0536609081357449,"rhs":0.0,"is_on[g173,23]":-1.0},"f56":{"overflow[l2375,29]":-0.0580053132866969,"prod_above[g173,29]":0.0580053132866968,"is_on[g173,29]":-1.0,"rhs":0.0},"r200":{"prod_above[g259,32]":0.016478174878962,"segprod[g259,1,32]":0.0293303455058296,"segprod[g259,3,32]":0.0293303455058296,"is_on[g259,32]":-1.0,"rhs":0.0,"segprod[g259,4,32]":-0.016478174878962,"switch_off[g259,33]":0.187356848373798,"segprod[g259,2,32]":0.0293303455058296},"f46":{"prod_above[g173,19]":0.044856928825511,"is_on[g173,19]":-1.0,"overflow[l2375,19]":-0.0448569288255111,"rhs":0.0},"f48":{"is_on[g173,21]":-1.0,"prod_above[g173,21]":0.0469042711967437,"rhs":0.0,"overflow[l2375,21]":-0.0469042711967437},"r324":{"segprod[g205,1,32]":0.0228701518658746,"switch_off[g205,33]":0.170411337711718,"segprod[g205,4,32]":-0.0116960423961371,"segprod[g205,2,32]":0.0228701518658746,"segprod[g205,3,32]":0.0228701518658746,"rhs":0.0,"prod_above[g205,32]":0.0116960423961371,"is_on[g205,32]":-1.0},"f53":{"prod_above[g173,26]":0.058639986254787,"is_on[g173,26]":-1.0,"rhs":0.0,"overflow[l2375,26]":-0.0586399862547871},"r326":{"is_on[g128,32]":-1.0,"segprod[g128,4,32]":-0.0116960423961371,"switch_off[g128,33]":0.170411337711718,"segprod[g128,2,32]":0.0228701518658746,"switch_on[g128,32]":0.170411337711718,"rhs":0.0,"prod_above[g128,32]":0.0116960423961371,"segprod[g128,1,32]":0.0228701518658746,"segprod[g128,3,32]":0.0228701518658746},