{"f19":{"is_on[g42,16]":-0.00935493960927523,"reserve[g229,16]":-0.00366864692890576,"is_on[g85,16]":-0.00935493960927523,"is_on[g245,16]":-0.00935493960927523,"is_on[g93,16]":-0.00935493960927523,"is_on[g98,16]":-0.00935493960927523,"is_on[g117,16]":-0.00935493960927523,"is_on[g200,16]":-0.00935493960927523,"is_on[g260,16]":-0.00935493960927523,"is_on[g292,16]":-0.00935493960927523,"is_on[g230,16]":-0.00935493960927523,"is_on[g157,16]":-0.00935493960927523,"is_on[g92,16]":-0.00935493960927523,"reserve[g166,16]":-0.00366864692890576,"is_on[g212,16]":-0.00935493960927523,"is_on[g273,16]":-0.00935493960927523,"reserve[g109,16]":-0.00366864692890576,"is_on[g77,16]":-0.00935493960927523,"reserve[g105,16]":-0.00366864692890576,"reserve[g228,16]":-0.00366864692890576,"is_on[g252,16]":-0.00935493960927523,"is_on[g44,16]":-0.00935493960927523,"is_on[g21,16]":-0.00935493960927523,"reserve[g286,16]":-0.00366864692890576,"is_on[g88,16]":-0.00935493960927523,"is_on[g178,16]":-0.00935493960927523,"is_on[g54,16]":-0.00935493960927523,"is_on[g13,16]":-0.00935493960927523,"is_on[g215,16]":-0.00935493960927523,"is_on[g30,16]":-0.00935493960927523,"is_on[g218,16]":-0.00935493960927523,"is_on[g293,16]":-0.00935493960927523,"segprod[g287,2,16]":0.00366864692890576,"is_on[g11,16]":-0.00935493960927523,"is_on[g70,16]":-0.00935493960927523,"is_on[g31,16]":-0.00935493960927523,"reserve[g134,16]":-0.00366864692890576,"is_on[g139,16]":-0.00935493960927523,"is_on[g266,16]":-0.00935493960927523,"is_on[g107,16]":-0.00935493960927523,"is_on[g297,16]":-0.00935493960927523,"is_on[g242,16]":-0.00935493960927523,"is_on[g180,16]":-0.00935493960927523,"is_on[g223,16]":-0.00935493960927523,"reserve[g135,16]":-0.00366864692890576,"is_on[g101,16]":-0.00935493960927523,"reserve[g264,16]":-0.00366864692890576,"is_on[g17,16]":-0.00935493960927523,"is_on[g225,16]":-0.00935493960927523,"is_on[g192,16]":-0.00935493960927523,"is_on[g284,16]":-0.00935493960927523,"is_on[g15,16]":-0.00935493960927523,"is_on[g268,16]":-0.00935493960927523,"reserve[g172,16]":-0.00366864692890576,"reserve[g258,16]":-0.00366864692890576,"is_on[g132,16]":-0.00935493960927523,"is_on[g66,16]":-0.00935493960927523,"is_on[g222,16]":-0.00935493960927523,"is_on[g163,16]":-0.00935493960927523,"is_on[g234,16]":-0.00935493960927523,"reserve[g174,16]":-0.00366864692890576,"is_on[g296,16]":-0.00935493960927523,"is_on[g87,16]":-0.00935493960927523,"reserve[g167,16]":-0.00366864692890576,"is_on[g49,16]":-0.00935493960927523,"is_on[g239,16]":-0.00935493960927523,"reserve[g217,16]":-0.00366864692890576,"is_on[g261,16]":-0.00935493960927523,"is_on[g201,16]":-0.00935493960927523,"is_on[g143,16]":-0.00935493960927523,"is_on[g8,16]":-0.00935493960927523,"is_on[g247,16]":-0.00935493960927523,"is_on[g28,16]":-0.00935493960927523,"reserve[g227,16]":-0.00366864692890576,"is_on[g259,16]":-0.00935493960927523,"is_on[g193,16]":-0.00935493960927523,"is_on[g282,16]":-0.00935493960927523,"is_on[g72,16]":-0.00935493960927523,"is_on[g91,16]":-0.00935493960927523,"is_on[g179,16]":-0.00935493960927523,"is_on[g32,16]":-0.00935493960927523,"is_on[g213,16]":-0.00935493960927523,"is_on[g189,16]":-0.00935493960927523,"is_on[g119,16]":-0.00935493960927523,"is_on[g47,16]":-0.00935493960927523,"is_on[g37,16]":-0.00935493960927523,"is_on[g86,16]":-0.00935493960927523,"is_on[g265,16]":-0.00935493960927523,"segprod[g287,1,16]":0.00366864692890576,"is_on[g99,16]":-0.00935493960927523,"is_on[g210,16]":-0.00935493960927523,"is_on[g279,16]":-0.00935493960927523,"is_on[g148,16]":-0.00935493960927523,"is_on[g184,16]":-0.00935493960927523,"is_on[g283,16]":-0.00935493960927523,"is_on[g62,16]":-0.00935493960927523,"is_on[g39,16]":-0.00935493960927523,"is_on[g274,16]":-0.00935493960927523,"is_on[g183,16]":-0.00935493960927523,"is_on[g219,16]":-0.00935493960927523,"is_on[g238,16]":-0.00935493960927523,"reserve[g146,16]":-0.00366864692890576,"is_on[g209,16]":-0.00935493960927523,"is_on[g294,16]":-0.00935493960927523,"is_on[g90,16]":-0.00935493960927523,"is_on[g65,16]":-0.00935493960927523,"is_on[g126,16]":-0.00935493960927523,"reserve[g136,16]":-0.00366864692890576,"is_on[g51,16]":-0.00935493960927523,"is_on[g214,16]":-0.00935493960927523,"is_on[g137,16]":-0.00935493960927523,"is_on[g256,16]":-0.00935493960927523,"is_on[g102,16]":-0.00935493960927523,"reserve[g145,16]":-0.00366864692890576,"is_on[g125,16]":-0.00935493960927523,"is_on[g118,16]":-0.00935493960927523,"is_on[g275,16]":-0.00935493960927523,"is_on[g138,16]":-0.00935493960927523,"is_on[g12,16]":-0.00935493960927523,"is_on[g197,16]":-0.00935493960927523,"is_on[g204,16]":-0.00935493960927523,"is_on[g185,16]":-0.00935493960927523,"reserve[g103,16]":-0.00366864692890576,"is_on[g160,16]":-0.00935493960927523,"is_on[g176,16]":-0.00935493960927523,"is_on[g75,16]":-0.00935493960927523,"reserve[g112,16]":-0.00366864692890576,"is_on[g120,16]":-0.00935493960927523,"is_on[g226,16]":-0.00935493960927523,"is_on[g276,16]":-0.00935493960927523,"is_on[g14,16]":-0.00935493960927523,"is_on[g162,16]":-0.00935493960927523,"reserve[g263,16]":-0.00366864692890576,"is_on[g191,16]":-0.00935493960927523,"is_on[g74,16]":-0.00935493960927523,"is_on[g50,16]":-0.00935493960927523,"reserve[g257,16]":-0.00366864692890576,"segprod[g285,1,16]":0.00366864692890576,"is_on[g52,16]":-0.00935493960927523,"reserve[g154,16]":-0.00366864692890576,"is_on[g5,16]":-0.00935493960927523,"is_on[g67,16]":-0.00935493960927523,"reserve[g79,16]":-0.00366864692890576,"is_on[g24,16]":-0.00935493960927523,"is_on[g36,16]":-0.00935493960927523,"is_on[g190,16]":-0.00935493960927523,"is_on[g20,16]":-0.00935493960927523,"is_on[g235,16]":-0.00935493960927523,"is_on[g59,16]":-0.00935493960927523,"is_on[g198,16]":-0.00935493960927523,"is_on[g89,16]":-0.00935493960927523,"is_on[g270,16]":-0.00935493960927523,"is_on[g23,16]":-0.00935493960927523,"is_on[g164,16]":-0.00935493960927523,"is_on[g140,16]":-0.00935493960927523,"is_on[g199,16]":-0.00935493960927523,"is_on[g34,16]":-0.00935493960927523,"is_on[g4,16]":-0.00935493960927523,"is_on[g10,16]":-0.00935493960927523,"is_on[g236,16]":-0.00935493960927523,"is_on[g250,16]":-0.00935493960927523,"is_on[g290,16]":-0.00935493960927523,"is_on[g81,16]":-0.00935493960927523,"is_on[g206,16]":-0.00935493960927523,"is_on[g288,16]":-0.00935493960927523,"is_on[g122,16]":-0.00935493960927523,"is_on[g83,16]":-0.00935493960927523,"is_on[g68,16]":-0.00935493960927523,"is_on[g171,16]":-0.00935493960927523,"is_on[g170,16]":-0.00935493960927523,"is_on[g195,16]":-0.00935493960927523,"is_on[g152,16]":-0.00935493960927523,"reserve[g231,16]":-0.00366864692890576,"is_on[g97,16]":-0.00935493960927523,"reserve[g272,16]":-0.00366864692890576,"is_on[g271,16]":-0.00935493960927523,"is_on[g278,16]":-0.00935493960927523,"is_on[g243,16]":-0.00935493960927523,"is_on[g58,16]":-0.00935493960927523,"is_on[g73,16]":-0.00935493960927523,"is_on[g241,16]":-0.00935493960927523,"is_on[g48,16]":-0.00935493960927523,"is_on[g96,16]":-0.00935493960927523,"is_on[g159,16]":-0.00935493960927523,"is_on[g254,16]":-0.00935493960927523,"is_on[g177,16]":-0.00935493960927523,"is_on[g240,16]":-0.00935493960927523,"reserve[g104,16]":-0.00366864692890576,"is_on[g269,16]":-0.00935493960927523,"is_on[g64,16]":-0.00935493960927523,"is_on[g246,16]":-0.00935493960927523,"is_on[g16,16]":-0.00935493960927523,"is_on[g205,16]":-0.00935493960927523,"is_on[g9,16]":-0.00935493960927523,"is_on[g43,16]":-0.00935493960927523,"is_on[g131,16]":-0.00935493960927523,"is_on[g40,16]":-0.00935493960927523,"is_on[g113,16]":-0.00935493960927523,"reserve[g232,16]":-0.00366864692890576,"is_on[g82,16]":-0.00935493960927523,"is_on[g249,16]":-0.00935493960927523,"is_on[g277,16]":-0.00935493960927523,"is_on[g285,16]":-1.0,"is_on[g267,16]":-0.00935493960927523,"is_on[g280,16]":-0.00935493960927523,"reserve[g111,16]":-0.00366864692890576,"is_on[g141,16]":-0.00935493960927523,"is_on[g95,16]":-0.00935493960927523,"is_on[g287,16]":-0.879411575446868,"is_on[g41,16]":-0.00935493960927523,