{"f52":{"overflow[l2375,29]":-0.0934447568614132,"prod_above[g173,29]":0.0934447568614131,"is_on[g173,29]":-1.0,"rhs":0.0},"f436":{"is_on[g172,23]":-1.0,"rhs":0.0,"overflow[l2374,23]":-0.0417314895804813,"prod_above[g172,23]":0.0417314895804813},"f441":{"is_on[g172,28]":-1.0,"overflow[l2374,28]":-0.0463754351175196,"prod_above[g172,28]":0.0463754351175196,"rhs":0.0},"r404":{"prod_above[g270,32]":0.013108017240898,"switch_off[g270,33]":0.190983811199883,"switch_off[g270,32]":-0.0617387612046295,"is_on[g270,32]":-1.0,"segprod[g270,4,32]":-0.013108017240898,"is_on[g270,31]":0.0617387612046295,"switch_on[g270,32]":0.0702613653555368,"rhs":0.0,"segprod[g270,3,32]":0.0256310925359547,"segprod[g270,1,32]":0.0256310925359547,"segprod[g270,2,32]":0.0256310925359547},"f51":{"prod_above[g173,28]":0.0983947874377386,"overflow[l2375,28]":-0.0983947874377387,"is_on[g173,28]":-1.0,"rhs":0.0},"f449":{"segprod[g172,4,36]":0.0387227532187319,"segprod[g172,1,36]":0.0387227532187319,"segprod[g172,3,36]":0.0387227532187319,"rhs":0.0,"overflow[l2374,36]":-0.0387227532187319,"segprod[g172,2,36]":0.0387227532187319,"is_on[g172,36]":-1.0},"f36":{"overflow[l2375,15]":-0.0798940285605154,"is_on[g173,15]":-1.0,"prod_above[g173,15]":0.0798940285605154,"rhs":0.0},"f270":{"segprod[g24,3,32]":0.0707213578500706,"is_on[g24,33]":-0.348656294200848,"is_on[g24,34]":-0.697312588401695,"segprod[g24,1,32]":0.0707213578500706,"segprod[g24,2,32]":0.0707213578500706,"rhs":0.0,"is_on[g24,32]":-1.0},"f363":{"is_on[g127,34]":-1.0,"switch_off[g127,35]":0.170647282796816,"switch_on[g127,34]":0.170647282796816,"segprod[g127,4,34]":-0.0346140533056421,"rhs":0.0,"prod_above[g127,34]":0.0346140533056421},"r408":{"segprod[g132,4,32]":-0.0139705411445189,"segprod[g132,1,32]":0.0273176504326901,"is_on[g132,32]":-1.0,"prod_above[g132,32]":0.0139705411445189,"segprod[g132,2,32]":0.0273176504326901,"rhs":0.0,"switch_off[g132,33]":0.20355078447564,"segprod[g132,3,32]":0.0273176504326901},"f37":{"overflow[l2375,16]":-0.0796556962186623,"rhs":0.0,"prod_above[g173,16]":0.0796556962186623,"is_on[g173,16]":-1.0},"f423":{"is_on[g172,11]":-1.0,"prod_above[g172,11]":0.039914582792823,"rhs":0.0,"overflow[l2374,11]":-0.039914582792823},"f269":{"is_on[g112,30]":-1.0,"is_on[g112,31]":-0.0519555866098835,"rhs":0.0,"reserve[g112,30]":0.00150427648197492},"f427":{"overflow[l2374,14]":-0.0416686806528979,"rhs":0.0,"prod_above[g172,14]":0.0416686806528979,"is_on[g172,14]":-1.0},"f268":{"reserve[g112,23]":0.00150432106353156,"is_on[g112,23]":-1.0,"is_on[g112,24]":-0.0455482687863384,"rhs":0.0},"f433":{"overflow[l2374,20]":-0.0371691665409108,"is_on[g172,20]":-1.0,"prod_above[g172,20]":0.0371691665409108,"rhs":0.0},"f443":{"is_on[g172,29]":-1.0,"overflow[l2374,29]":-0.0452457773247164,"prod_above[g172,29]":0.0452457773247163,"rhs":0.0},"f27":{"overflow[l2375,7]":-0.0715725344693313,"prod_above[g173,7]":0.0715725344693313,"is_on[g173,7]":-1.0,"rhs":0.0},"f35":{"prod_above[g173,14]":0.0793723866641677,"is_on[g173,14]":-1.0,"rhs":0.0,"overflow[l2375,14]":-0.0793723866641678},"f446":{"overflow[l2374,33]":-0.0370852753655864,"rhs":0.0,"prod_above[g172,33]":0.0370852753655863,"is_on[g172,33]":-1.0},"f530":{"is_on[g129,33]":-1.0,"switch_off[g129,34]":0.170411337711718,"prod_above[g129,33]":0.0345661942620118,"switch_on[g129,33]":0.170411337711718,"rhs":0.0,"segprod[g129,4,33]":-0.0345661942620118},"f440":{"overflow[l2374,27]":-0.046548671989662,"prod_above[g172,27]":0.046548671989662,"is_on[g172,27]":-1.0,"rhs":0.0},"r253":{"overflow[l2375,32]":-0.0612020573683595,"prod_above[g173,32]":0.056129836529458,"segprod[g173,3,32]":-0.056129836529458,"is_on[g173,32]":-1.0,"segprod[g173,4,32]":-0.056129836529458,"rhs":0.0,"segprod[g173,2,32]":0.00507222083890147,"segprod[g173,1,32]":0.00507222083890147},"f432":{"is_on[g172,19]":-1.0,"prod_above[g172,19]":0.0366750408009827,"rhs":0.0,"overflow[l2374,19]":-0.0366750408009827},"f22":{"is_on[g173,2]":-1.0,"prod_above[g173,2]":0.124257715472195,"overflow[l2375,2]":-0.124257715472195,"rhs":0.0},"f46":{"prod_above[g173,24]":0.0877214528076111,"overflow[l2375,24]":-0.0877214528076112,"rhs":0.0,"is_on[g173,24]":-1.0},"f287":{"reserve[g112,23]":0.00143878681495763,"is_on[g112,23]":-1.0,"rhs":0.0,"switch_off[g112,24]":0.0548233690837933},"r405":{"is_on[g270,33]":-0.48026253046918,"prod_above[g270,34]":-0.0109836770073194,"prod_above[g270,32]":0.013108017240898,"switch_off[g270,33]":0.190983811199883,"switch_off[g270,34]":0.0818421802700677,"switch_off[g270,32]":-0.0617387612046295,"reserve[g270,33]":0.016600847924963,"is_on[g270,32]":-1.0,"segprod[g270,4,32]":-0.013108017240898,"segprod[g270,2,34]":0.0109836770073194,"is_on[g270,34]":-0.533477192245503,"is_on[g270,31]":0.0617387612046295,"prod_above[g270,33]":0.016600847924963,"switch_on[g270,32]":0.0702613653555368,"rhs":0.0,"segprod[g270,1,34]":0.0109836770073194,"segprod[g270,3,32]":0.0256310925359547,"segprod[g270,1,32]":0.0256310925359547,"segprod[g270,4,34]":0.0109836770073194,"segprod[g270,2,32]":0.0256310925359547,"switch_on[g270,34]":-0.0818421802700677,"segprod[g270,3,34]":0.0109836770073194},"f267":{"reserve[g112,22]":0.00150431607142226,"is_on[g112,23]":-0.122731256745287,"rhs":0.0,"is_on[g112,22]":-1.0},"r412":{"segprod[g132,2,20]":0.00614840008503761,"segprod[g132,3,20]":0.00614840008503761,"segprod[g132,4,19]":-0.00406798742757464,"segprod[g132,3,19]":0.0141028420326684,"switch_on[g132,20]":-0.0592705768197625,"prod_above[g132,20]":0.0213151875950185,"is_on[g132,20]":-1.0,"is_on[g132,18]":0.069527011221055,"segprod[g132,2,19]":0.0141028420326684,"switch_off[g132,21]":0.310562283259419,"prod_above[g132,19]":0.00406798742757464,"switch_off[g132,20]":0.0592705768197625,"switch_off[g132,19]":-0.069527011221055,"segprod[g132,1,19]":0.0141028420326684,"segprod[g132,4,20]":-0.0213151875950185,"rhs":0.0,"switch_on[g132,19]":-0.020055178017943,"segprod[g132,1,20]":0.00614840008503761,"is_on[g132,19]":-0.56489749508665},"f135":{"is_on[g128,19]":-1.0,"switch_off[g128,20]":0.205416666666667,"switch_on[g128,19]":0.205416666666667,"segprod[g128,2,19]":0.0416666666666667,"rhs":0.0,"segprod[g128,3,19]":0.0416666666666667,"segprod[g128,1,19]":0.0416666666666667},"f430":{"prod_above[g172,17]":0.0403933178142204,"overflow[l2374,17]":-0.0403933178142204,"is_on[g172,17]":-1.0,"rhs":0.0},"f271":{"segprod[g127,1,32]":0.0709219858156027,"segprod[g127,3,32]":0.0709219858156027,"segprod[g127,2,32]":0.0709219858156027,"is_on[g127,32]":-1.0,"is_on[g127,33]":-0.349645390070921,"rhs":0.0},"f444":{"prod_above[g172,30]":0.0414998373206374,"rhs":0.0,"is_on[g172,30]":-1.0,"overflow[l2374,30]":-0.0414998373206375},"f447":{"prod_above[g172,34]":0.0372080147552101,"is_on[g172,34]":-1.0,"rhs":0.0,"overflow[l2374,34]":-0.0372080147552101},"f439":{"overflow[l2374,26]":-0.0464965543728379,"rhs":0.0,"prod_above[g172,26]":0.0464965543728379,"is_on[g172,26]":-1.0},"f290":{"switch_on[g112,30]":0.0606079791996959,"is_on[g112,30]":-1.0,"rhs":0.0,"reserve[g112,30]":0.00142998098125295},"f61":{"overflow[l2375,35]":-0.0650324023944923,"prod_above[g173,35]":0.0650324023944923,"rhs":0.0,"is_on[g173,35]":-1.0},"f53":{"is_on[g173,30]":-1.0,"rhs":0.0,"prod_above[g173,30]":0.0787619875745078,"overflow[l2375,30]":-0.0787619875745078},"f428":{"overflow[l2374,15]":-0.0418119982037563,"prod_above[g172,15]":0.0418119982037562,"is_on[g172,15]":-1.0,"rhs":0.0},"f144":{"prod_above[g130,20]":0.0346020761245675,"segprod[g130,4,20]":-0.0346020761245675,"is_on[g130,20]":-1.0,"switch_off[g130,21]":0.170588235294117,"rhs":0.0,"switch_on[g130,20]":0.170588235294117},"f275":{"is_on[g270,34]":-0.697312588401695,"is_on[g270,33]":-0.348656294200848,"segprod[g270,1,32]":0.0707213578500706,"segprod[g270,3,32]":0.0707213578500706,"is_on[g270,32]":-1.0,"rhs":0.0,"segprod[g270,2,32]":0.0707213578500706},"f265":{"is_on[g112,12]":-1.0,"rhs":0.0,"is_on[g112,13]":-0.0634629809672279,"reserve[g112,12]":0.00150431858568935},"f43":{"is_on[g173,21]":-1.0,"prod_above[g173,21]":0.0654623342820996,"rhs":0.0,