{"f107":{"prod_above[g266,23]":0.0257994341668098,"overflow[l2468,23]":-0.0257994341668098,"rhs":0.0,"is_on[g266,23]":-1.0},"f52":{"prod_above[g173,19]":0.0672766868115485,"overflow[l2375,19]":-0.0672766868115486,"is_on[g173,11]":-1.0,"rhs":0.0},"f62":{"segprod[g274,1,24]":0.0356379187455453,"is_on[g274,24]":-1.0,"segprod[g274,2,24]":0.0356379187455453,"segprod[g274,3,24]":0.0356379187455453,"rhs":0.0,"switch_off[g274,25]":0.171418389166073},"f170":{"is_on[g171,22]":-1.0,"overflow[l2373,22]":-0.0083319703618483,"segprod[g171,1,22]":0.0083319703618483,"rhs":0.0},"f227":{"segprod[g131,4,24]":-0.0347222222222222,"is_on[g131,24]":-1.0,"switch_on[g131,24]":0.170833333333333,"switch_off[g131,25]":0.170833333333333,"rhs":0.0,"prod_above[g131,24]":0.0347222222222222},"f219":{"is_on[g16,25]":-0.439909297052153,"is_on[g16,24]":-1.0,"is_on[g16,26]":-0.879818594104306,"segprod[g16,1,24]":0.113378684807256,"segprod[g16,2,24]":0.113378684807256,"rhs":0.0,"segprod[g16,3,24]":0.113378684807256},"f51":{"prod_above[g172,19]":0.0380749459621329,"rhs":0.0,"is_on[g172,18]":-1.0,"overflow[l2374,19]":-0.0380749459621329},"f232":{"segprod[g131,2,30]":0.0347222222222222,"segprod[g131,3,30]":0.0347222222222222,"switch_on[g131,30]":0.170833333333333,"rhs":0.0,"segprod[g131,1,30]":0.0347222222222222,"is_on[g131,30]":-1.0,"switch_off[g131,31]":0.170833333333333},"f36":{"segprod[g45,2,8]":0.5,"segprod[g45,3,8]":1.0,"is_on[g45,8]":-0.78,"rhs":0.0,"switch_off[g45,9]":0.05},"f100":{"prod_above[g172,9]":0.0401579169927824,"overflow[l2374,9]":-0.0401579169927824,"rhs":0.0,"is_on[g172,9]":-1.0},"f92":{"overflow[l2468,36]":-0.0255461576918331,"segprod[g266,1,36]":0.0255461576918331,"segprod[g266,3,36]":0.0255461576918331,"segprod[g266,2,36]":0.0255461576918331,"segprod[g266,4,36]":0.0255461576918331,"rhs":0.0,"is_on[g266,36]":-1.0},"f102":{"is_on[g172,11]":-1.0,"prod_above[g172,11]":0.0408669348082481,"rhs":0.0,"overflow[l2374,11]":-0.0408669348082481},"r239":{"segprod[g150,3,17]":-0.0262662416944055,"switch_off[g150,17]":-0.945439045183291,"switch_on[g150,15]":0.300522750906383,"segprod[g150,2,14]":-0.0159846547314578,"switch_off[g150,19]":0.245961796089673,"startup[g150,3,16]":-0.172196771685263,"switch_on[g150,17]":0.172196771685263,"startup[g150,2,19]":0.472719522591645,"startup[g150,1,16]":0.109121909633419,"segprod[g150,1,17]":-0.0262662416944055,"startup[g150,1,14]":-0.109121909633419,"is_on[g150,19]":0.527280477408355,"startup[g150,1,19]":0.191400841272964,"startup[g150,3,14]":-0.109121909633419,"switch_off[g150,13]":-0.281318681318681,"startup[g150,1,17]":0.0545609548167093,"switch_on[g150,14]":0.109121909633419,"rhs":0.0,"startup[g150,3,19]":-0.527280477408355,"switch_off[g150,15]":-0.581841432225064,"segprod[g150,2,17]":-0.0262662416944055,"is_on[g150,16]":-0.335879636135391,"startup[g150,1,18]":0.472719522591645,"switch_off[g150,18]":-0.0861173907723791,"switch_off[g150,14]":-0.281318681318681,"is_on[g150,14]":-0.418158567774936,"switch_on[g150,16]":0.172196771685263,"switch_on[g150,18]":0.0756652490410795,"is_on[g150,17]":-0.859321654410911,"startup[g150,3,18]":-0.527280477408354,"startup[g150,2,18]":0.472719522591645,"is_on[g150,15]":-0.300522750906383,"startup[g150,2,17]":0.0545609548167093,"segprod[g150,3,14]":-0.0159846547314578,"is_on[g150,18]":-0.0756652490410795,"prod_above[g150,17]":0.0262662416944055,"segprod[g150,4,14]":-0.0159846547314578,"startup[g150,2,16]":0.109121909633419,"switch_off[g150,16]":-1.0,"startup[g150,2,14]":-0.109121909633419,"segprod[g150,4,17]":-0.0262662416944055,"segprod[g150,1,14]":-0.0159846547314578,"startup[g150,3,17]":-0.226757726501972,"prod_above[g150,14]":0.0159846547314578},"f199":{"is_on[g45,35]":-0.05,"segprod[g45,4,34]":-0.5,"segprod[g45,4,35]":-0.5,"prod_above[g45,34]":0.5,"rhs":0.0,"is_on[g45,34]":-0.68,"segprod[g45,3,35]":-1.0},"f85":{"prod_above[g173,33]":0.074663919034444,"overflow[l2375,33]":-0.0746639190344441,"is_on[g173,32]":-1.0,"rhs":0.0},"f229":{"switch_on[g269,24]":0.170411337711718,"prod_above[g269,24]":0.0345661942620118,"segprod[g269,4,24]":-0.0345661942620118,"is_on[g269,24]":-1.0,"rhs":0.0,"switch_off[g269,25]":0.170411337711718},"f319":{"is_on[g266,12]":-1.0,"overflow[l2468,12]":-0.0290748741931901,"curtail[b1774,12]":0.0290748741931901,"prod_above[g266,12]":0.0290748741931901,"rhs":0.0},"r206":{"segprod[g172,1,8]":0.00211003162094105,"segprod[g172,2,8]":0.00211003162094105,"segprod[g172,4,8]":-0.0362491468482053,"is_on[g172,7]":-1.0,"overflow[l2374,8]":-0.0383591784691464,"rhs":0.0,"segprod[g172,3,8]":0.00211003162094105,"prod_above[g172,8]":0.0362491468482053},"f89":{"overflow[l2468,34]":-0.0254684345495614,"rhs":0.0,"is_on[g266,34]":-1.0,"prod_above[g266,34]":0.0254684345495614},"r240":{"startup[g150,1,32]":0.5,"switch_on[g150,33]":-0.5,"is_on[g150,27]":-0.5,"switch_off[g150,28]":-0.5,"startup[g150,3,32]":-0.5,"switch_off[g150,33]":0.5,"is_on[g150,30]":-0.5,"switch_off[g150,31]":-0.5,"startup[g150,2,31]":0.5,"startup[g150,2,32]":0.5,"rhs":0.0,"is_on[g150,33]":0.5,"switch_off[g150,32]":-0.5,"startup[g150,1,31]":0.5,"switch_on[g150,28]":0.5,"is_on[g150,28]":-0.5,"switch_off[g150,29]":-1.0,"startup[g150,3,31]":-0.5,"switch_off[g150,30]":-1.0},"f382":{"segprod[g143,1,31]":0.0075187969924812,"is_on[g143,31]":-1.0,"switch_on[g143,31]":0.222330827067669,"segprod[g143,2,31]":0.0075187969924812,"segprod[g143,3,31]":0.0075187969924812,"rhs":0.0},"f131":{"segprod[g172,4,10]":-0.0400771886653694,"segprod[g172,3,10]":-0.0400771886653694,"is_on[g172,10]":-1.0,"rhs":0.0,"prod_above[g172,10]":0.0400771886653694,"overflow[l2374,10]":-0.0400771886653695,"segprod[g172,2,10]":-0.0400771886653694},"r205":{"segprod[g109,2,31]":0.00105571928077364,"segprod[g109,4,31]":-0.000897432721041426,"switch_on[g109,32]":-0.132820042714131,"segprod[g109,3,31]":0.00105571928077364,"is_on[g109,31]":-1.0,"is_on[g109,32]":0.132820042714131,"switch_on[g109,31]":0.245726053348353,"rhs":0.0,"segprod[g109,1,31]":0.00105571928077364,"prod_above[g109,31]":0.000897432721041426},"f82":{"overflow[l2468,32]":-0.025385549377559,"is_on[g266,25]":-1.0,"prod_above[g266,32]":0.025385549377559,"rhs":0.0},"r211":{"is_on[g150,8]":0.5,"switch_off[g150,3]":-1.0,"is_on[g150,5]":-0.5,"switch_off[g150,8]":0.5,"switch_on[g150,8]":-0.5,"startup[g150,3,6]":-0.5,"switch_off[g150,6]":-0.5,"startup[g150,2,7]":0.5,"switch_off[g150,7]":-0.5,"switch_off[g150,4]":-1.0,"switch_off[g150,5]":-1.0,"rhs":0.0,"startup[g150,3,7]":-0.5,"startup[g150,2,6]":0.5,"startup[g150,1,6]":0.5,"startup[g150,1,7]":0.5},"f48":{"overflow[l2374,18]":-0.0391947516659728,"rhs":0.0,"is_on[g172,18]":-1.0,"prod_above[g172,18]":0.0391947516659728},"f105":{"overflow[l2374,20]":-0.0396058583401423,"prod_above[g172,20]":0.0396058583401422,"rhs":0.0,"is_on[g172,18]":-1.0},"f87":{"segprod[g45,3,34]":1.0,"segprod[g45,2,34]":0.5,"is_on[g45,34]":-0.78,"rhs":0.0,"switch_off[g45,35]":0.05},"f66":{"segprod[g127,1,30]":0.0346140533056421,"segprod[g127,3,30]":0.0346140533056421,"switch_on[g127,30]":0.170647282796816,"rhs":0.0,"is_on[g127,30]":-1.0,"switch_off[g127,31]":0.170647282796816,"segprod[g127,2,30]":0.0346140533056421},"f135":{"is_on[g172,11]":-1.0,"prod_above[g172,11]":0.0408669348082481,"rhs":0.0,"segprod[g172,3,11]":-0.0408669348082481,"segprod[g172,2,11]":-0.0408669348082481,"overflow[l2374,11]":-0.0408669348082481,"segprod[g172,4,11]":-0.0408669348082481},"f173":{"segprod[g266,1,23]":0.0257994341668098,"overflow[l2468,23]":-0.0257994341668098,"rhs":0.0,"is_on[g266,23]":-1.0},"f14":{"segprod[g76,1,24]":0.0923361034164357,"is_on[g76,26]":-0.78855032317636,"is_on[g76,24]":-1.0,"is_on[g76,25]":-0.39427516158818,"segprod[g76,2,24]":0.0923361034164357,"segprod[g76,3,24]":0.0923361034164357,"rhs":0.0},"f53":{"prod_above[g173,20]":0.0722084745309861,"is_on[g173,20]":-1.0,"rhs":0.0,"overflow[l2375,20]":-0.0722084745309862},"f318":{"prod_above[g266,11]":0.0289757076316778,"overflow[l2468,11]":-0.0289757076316779,"is_on[g266,11]":-1.0,"rhs":0.0,"curtail[b1774,11]":0.0289757076316778},