{"f236":{"segprod[g127,4,9]":-0.0346140533056421,"prod_above[g127,9]":0.0346140533056421,"rhs":0.0,"is_on[g127,9]":-1.0,"switch_on[g127,9]":0.170647282796816,"switch_off[g127,10]":0.170647282796816},"f13":{"is_on[g233,23]":-0.0208083233293302,"is_on[g233,24]":-0.0416166466586604,"prod_above[g233,22]":0.00173982636532874,"rhs":0.0,"overflow[l2435,22]":-0.00173982636532874,"is_on[g233,22]":-1.0},"f84":{"switch_off[g132,20]":0.170411337711718,"is_on[g132,19]":-1.0,"segprod[g132,1,19]":0.0345661942620118,"rhs":0.0,"segprod[g132,2,19]":0.0345661942620118,"segprod[g132,3,19]":0.0345661942620118},"f253":{"segprod[g127,2,19]":0.0346140533056421,"segprod[g127,1,19]":0.0346140533056421,"is_on[g127,19]":-1.0,"switch_on[g127,19]":0.170647282796815,"segprod[g127,3,19]":0.0346140533056421,"rhs":0.0,"switch_off[g127,20]":0.170647282796815},"r212":{"segprod[g129,1,8]":0.0205528240624959,"segprod[g129,4,8]":-0.0105109359572723,"segprod[g129,2,8]":0.0205528240624959,"is_on[g129,7]":0.101325422628105,"switch_on[g129,8]":0.101325422628105,"switch_off[g129,9]":0.153144336897457,"prod_above[g129,8]":0.0105109359572723,"rhs":0.0,"is_on[g129,8]":-1.0,"switch_off[g129,8]":-0.101325422628105,"segprod[g129,3,8]":0.0205528240624959},"r209":{"segprod[g129,1,8]":0.00997633546099107,"segprod[g129,1,9]":0.0294838149425233,"segprod[g129,4,8]":-0.00128989166797448,"is_on[g129,9]":-1.0,"prod_above[g129,9]":0.00381211391529171,"segprod[g129,2,8]":0.00997633546099107,"is_on[g129,7]":0.049183333822686,"switch_on[g129,8]":-0.00635916592311418,"switch_off[g129,9]":0.0187937216023881,"segprod[g129,3,9]":0.0294838149425233,"prod_above[g129,8]":0.00128989166797448,"switch_off[g129,10]":0.0555424997458002,"segprod[g129,4,9]":-0.00381211391529171,"switch_on[g129,9]":0.0367487781434121,"rhs":0.0,"is_on[g129,8]":-0.338366506520247,"switch_off[g129,8]":-0.049183333822686,"segprod[g129,3,8]":0.00997633546099107,"segprod[g129,2,9]":0.0294838149425233},"file name":"2017-02-03.1.final.mps.gz","f124":{"is_on[g128,32]":-1.0,"switch_off[g128,33]":0.170411337711718,"segprod[g128,2,32]":0.0345661942620118,"switch_on[g128,32]":0.170411337711718,"rhs":0.0,"segprod[g128,3,32]":0.0345661942620118,"segprod[g128,1,32]":0.0345661942620118},"f252":{"is_on[g127,19]":-1.0,"switch_on[g127,19]":0.170647282796816,"rhs":0.0,"segprod[g127,4,19]":-0.0346140533056421,"switch_off[g127,20]":0.170647282796816,"prod_above[g127,19]":0.0346140533056421},"f45":{"is_on[g128,8]":-1.0,"switch_on[g128,8]":0.170411337711718,"segprod[g128,4,8]":-0.0345661942620118,"rhs":0.0,"switch_off[g128,9]":0.170411337711718,"prod_above[g128,8]":0.0345661942620118},"f341":{"switch_on[g128,9]":0.170411337711718,"prod_above[g128,9]":0.0345661942620118,"switch_off[g128,10]":0.170411337711718,"rhs":0.0,"segprod[g128,4,9]":-0.0345661942620118,"is_on[g128,9]":-1.0},"r200":{"startup[g227,1,18]":-0.00643361651171962,"switch_off[g227,16]":-0.0450315685718383,"switch_off[g227,12]":-0.0450315685718383,"switch_off[g227,14]":-0.0450315685718383,"switch_off[g227,18]":-0.0450315685718383,"startup[g227,1,15]":-0.00643361651171962,"is_on[g227,8]":0.0450315685718383,"overflow[l2429,21]":-0.00099912997638435,"prod_above[g227,21]":0.00099912997638435,"switch_off[g227,15]":-0.0450315685718383,"startup[g227,2,18]":-0.00643361651171962,"startup[g227,1,10]":-0.00643361651171962,"startup[g227,1,11]":-0.00643361651171962,"switch_off[g227,13]":-0.0450315685718383,"switch_off[g227,11]":-0.0450315685718383,"startup[g227,1,14]":-0.00643361651171962,"switch_off[g227,9]":-0.0450315685718383,"startup[g227,1,19]":-0.00643361651171962,"startup[g227,1,20]":-0.00643361651171962,"startup[g227,1,12]":-0.00643361651171962,"startup[g227,1,17]":-0.00643361651171962,"switch_off[g227,20]":-0.0450315685718383,"switch_off[g227,19]":-0.0450315685718383,"startup[g227,1,13]":-0.00643361651171962,"switch_off[g227,10]":-0.0450315685718383,"is_on[g227,21]":-1.0,"switch_off[g227,21]":-0.0450315685718383,"rhs":0.0,"startup[g227,1,21]":-0.00643361651171962,"startup[g227,1,9]":-0.00643361651171962,"startup[g227,1,16]":-0.00643361651171962,"switch_off[g227,17]":-0.0450315685718383,"switch_off[g227,22]":0.360226321685613},"r333":{"segprod[g127,3,8]":0.020571898786258,"switch_off[g127,8]":-0.101419461016252,"is_on[g127,8]":-1.0,"switch_off[g127,9]":0.153340327351675,"prod_above[g127,8]":0.0105316158895381,"switch_on[g127,8]":0.101419461016252,"segprod[g127,2,8]":0.020571898786258,"rhs":0.0,"is_on[g127,7]":0.101419461016252,"segprod[g127,4,8]":-0.0105316158895381,"segprod[g127,1,8]":0.020571898786258},"f46":{"is_on[g128,8]":-1.0,"switch_on[g128,8]":0.170411337711718,"segprod[g128,3,8]":0.0345661942620118,"segprod[g128,1,8]":0.0345661942620118,"segprod[g128,2,8]":0.0345661942620118,"rhs":0.0,"switch_off[g128,9]":0.170411337711718},"f260":{"prod_above[g127,21]":0.0346140533056421,"segprod[g127,4,21]":-0.0346140533056421,"switch_on[g127,21]":0.170647282796816,"rhs":0.0,"is_on[g127,21]":-1.0,"switch_off[g127,22]":0.170647282796816},"f96":{"switch_on[g128,21]":0.170411337711718,"is_on[g128,21]":-1.0,"switch_off[g128,22]":0.170411337711718,"rhs":0.0,"prod_above[g128,21]":0.0345661942620118,"segprod[g128,4,21]":-0.0345661942620118},"f100":{"switch_off[g130,22]":0.170588235294117,"prod_above[g130,21]":0.0346020761245675,"is_on[g130,21]":-1.0,"switch_on[g130,21]":0.170588235294117,"segprod[g130,4,21]":-0.0346020761245675,"rhs":0.0},"r202":{"switch_off[g128,20]":0.153144336897457,"segprod[g128,1,19]":0.0205528240624959,"is_on[g128,18]":0.101325422628105,"segprod[g128,4,19]":-0.0105109359572723,"rhs":0.0,"segprod[g128,3,19]":0.0205528240624959,"switch_off[g128,19]":-0.101325422628105,"is_on[g128,19]":-1.0,"switch_on[g128,19]":0.101325422628105,"segprod[g128,2,19]":0.0205528240624959,"prod_above[g128,19]":0.0105109359572723},"f123":{"is_on[g128,32]":-1.0,"segprod[g128,4,32]":-0.0345661942620118,"switch_off[g128,33]":0.170411337711718,"switch_on[g128,32]":0.170411337711718,"rhs":0.0,"prod_above[g128,32]":0.0345661942620118},"f410":{"is_on[g40,32]":-0.109628413790293,"is_on[g188,32]":-0.109628413790293,"is_on[g121,32]":-0.109628413790293,"is_on[g4,32]":-0.109628413790293,"is_on[g27,32]":-0.109628413790293,"is_on[g225,32]":-0.109628413790293,"is_on[g117,32]":-0.109628413790293,"prod_above[g253,33]":-0.108813928182811,"is_on[g280,32]":-0.109628413790293,"is_on[g292,32]":-0.109628413790293,"reserve[g272,32]":-0.108813928182811,"is_on[g99,32]":-0.109628413790293,"is_on[g6,32]":-0.109628413790293,"is_on[g65,32]":-0.109628413790293,"is_on[g182,32]":-0.109628413790293,"is_on[g181,32]":-0.109628413790293,"is_on[g224,32]":-0.109628413790293,"is_on[g157,32]":-0.109628413790293,"curtail[b1719,32]":0.108813928182811,"is_on[g49,32]":-0.109628413790293,"is_on[g162,32]":-0.109628413790293,"reserve[g263,32]":-0.108813928182811,"is_on[g75,32]":-0.109628413790293,"is_on[g73,32]":-0.109628413790293,"is_on[g196,32]":-0.109628413790293,"is_on[g100,32]":-0.109628413790293,"is_on[g104,32]":-0.109628413790293,"is_on[g35,32]":-0.109628413790293,"is_on[g91,32]":-0.109628413790293,"is_on[g179,32]":-0.109628413790293,"is_on[g278,32]":-0.109628413790293,"is_on[g238,32]":-0.109628413790293,"is_on[g8,32]":-0.109628413790293,"is_on[g156,32]":-0.109628413790293,"is_on[g12,32]":-0.109628413790293,"is_on[g46,32]":-0.109628413790293,"is_on[g222,32]":-0.109628413790293,"is_on[g158,32]":-0.109628413790293,"is_on[g50,32]":-0.109628413790293,"reserve[g114,32]":-0.108813928182811,"is_on[g30,32]":-0.109628413790293,"is_on[g36,32]":-0.109628413790293,"is_on[g201,32]":-0.109628413790293,"is_on[g14,32]":-0.109628413790293,"is_on[g230,32]":-0.109628413790293,"reserve[g98,32]":-0.108813928182811,"is_on[g132,32]":-0.109628413790293,"is_on[g67,32]":-0.109628413790293,"is_on[g142,32]":-0.109628413790293,"is_on[g24,32]":-0.109628413790293,"reserve[g216,32]":-0.108813928182811,"is_on[g152,32]":-0.109628413790293,"is_on[g74,32]":-0.109628413790293,"is_on[g141,32]":-0.109628413790293,"reserve[g145,32]":-0.108813928182811,"is_on[g241,32]":-0.109628413790293,