{"i5":{"overflow[l2429,21]":-0.00104624398409709,"is_on[g227,21]":-1.0,"prod_above[g227,21]":0.00104624398409709,"rhs":0.0,"switch_off[g227,22]":0.376354885959405},"i4":{"switch_off[g227,21]":0.376354885959405,"overflow[l2429,20]":-0.00104624398409709,"prod_above[g227,20]":0.00104624398409709,"rhs":0.0,"is_on[g227,20]":-1.0},"i0":{"is_on[g172,25]":-1.0,"rhs":0.0,"reserve[g172,26]":0.00212138568913214},"i3":{"is_on[g172,25]":-1.0,"reserve[g172,29]":0.00208376745155241,"rhs":0.0},"i1":{"is_on[g172,25]":-1.0,"reserve[g172,27]":0.00216085396948874,"rhs":0.0},"file name":"2017-02-07.1.final.mps.gz"}