{"i229":{"prod_above[g231,19]":1.0,"prod_above[g231,18]":-1.0,"rhs":0.0,"switch_on[g231,19]":0.79999999999999},"i230":{"prod_above[g231,20]":-0.0295508274231678,"prod_above[g231,19]":0.0295508274231678,"rhs":0.0,"is_on[g231,19]":-1.0,"is_on[g231,20]":-0.0236406619385343,"switch_on[g231,19]":0.0236406619385336},"file name":"2017-02-11.1.final.mps.gz","i210":{"is_on[g231,18]":-0.0236406619385343,"is_on[g231,17]":-1.0,"switch_on[g231,18]":0.0236406619385343,"prod_above[g231,18]":-0.0295508274231678,"rhs":0.0,"prod_above[g231,17]":0.0295508274231678}}