{"i0":{"switch_off[g227,21]":0.377212806026365,"startup[g227,1,22]":-0.377212806026365,"overflow[l2429,20]":-0.00104624398409709,"prod_above[g227,20]":0.00104624398409709,"rhs":0.0,"is_on[g227,20]":-1.0},"file name":"2017-02-21.1.final.mps.gz"}