{"i0":{"reserve[g227,7]":0.00208099221708911,"is_on[g227,8]":-1.0,"rhs":0.0,"switch_off[g227,8]":-1.0},"i1":{"reserve[g227,26]":0.00207636884616183,"rhs":0.0,"is_on[g227,34]":-1.0,"switch_off[g227,34]":-1.0},"file name":"2017-02-19.1.final.mps.gz"}