{"i8":{"is_on[g169,9]":1.0,"switch_on[g169,9]":-1.0,"overflow[l2371,8]":-0.0309300766849394,"rhs":0.0},"i23":{"overflow[l2371,21]":-0.0313799128391544,"is_on[g169,22]":1.0,"switch_on[g169,22]":-1.0,"rhs":0.0},"i21":{"switch_on[g169,20]":-1.0,"overflow[l2371,19]":-0.0324596178009846,"rhs":0.0,"is_on[g169,20]":1.0},"i12":{"is_on[g169,14]":1.0,"switch_on[g169,14]":-1.0,"overflow[l2371,13]":-0.0299649889069615,"rhs":0.0},"i35":{"overflow[l2372,32]":-0.0489087958556653,"is_on[g170,32]":1.0,"rhs":0.0},"i27":{"overflow[l2371,25]":-0.027909019944065,"is_on[g169,26]":1.0,"switch_on[g169,26]":-1.0,"rhs":0.0},"file name":"2017-02-05.1.final.mps.gz","i24":{"is_on[g169,23]":1.0,"switch_on[g169,23]":-1.0,"rhs":0.0,"overflow[l2371,22]":-0.0304687340515223},"i29":{"switch_on[g169,28]":-1.0,"overflow[l2371,27]":-0.0275216960410318,"rhs":0.0,"is_on[g169,28]":1.0},"i33":{"is_on[g169,32]":1.0,"switch_on[g169,32]":-1.0,"overflow[l2371,31]":-0.0340007684173666,"rhs":0.0},"i19":{"is_on[g169,18]":1.0,"overflow[l2371,17]":-0.0299944420298922,"rhs":0.0,"switch_on[g169,18]":-1.0},"i5":{"overflow[l2371,6]":-0.0294799674777002,"switch_on[g169,7]":-1.0,"is_on[g169,7]":1.0,"rhs":0.0},"i3":{"switch_on[g169,5]":-1.0,"is_on[g169,5]":1.0,"rhs":0.0,"overflow[l2371,4]":-0.0283444221436833},"i32":{"overflow[l2371,30]":-0.030615962550555,"is_on[g169,31]":1.0,"switch_on[g169,31]":-1.0,"rhs":0.0},"i2":{"overflow[l2371,3]":-0.0284734230492932,"rhs":0.0,"is_on[g169,4]":1.0,"switch_on[g169,4]":-1.0},"i13":{"overflow[l2371,14]":-0.0295826129967072,"switch_on[g169,15]":-1.0,"rhs":0.0,"is_on[g169,15]":1.0},"i28":{"is_on[g169,27]":1.0,"switch_on[g169,27]":-1.0,"overflow[l2371,26]":-0.0277006545387663,"rhs":0.0},"i6":{"switch_on[g170,10]":-1.0,"is_on[g170,10]":1.0,"switch_on[g170,7]":-1.0,"switch_on[g170,8]":-1.0,"rhs":0.0,"overflow[l2372,6]":-0.0403041512469709,"switch_on[g170,9]":-1.0},"i26":{"rhs":0.0,"is_on[g169,25]":1.0,"switch_on[g169,25]":-1.0,"overflow[l2371,24]":-0.0286041517209977},"i36":{"overflow[l2371,33]":-0.0329416027736833,"rhs":0.0,"switch_on[g169,34]":-1.0,"is_on[g169,34]":1.0},"i4":{"overflow[l2371,5]":-0.0285642630220193,"is_on[g169,6]":1.0,"rhs":0.0,"switch_on[g169,6]":-1.0},"i0":{"is_on[g169,2]":1.0,"overflow[l2371,1]":-0.0292957106099399,"rhs":0.0,"switch_on[g169,2]":-1.0},"i31":{"overflow[l2371,29]":-0.0285049062644665,"is_on[g169,30]":1.0,"switch_on[g169,30]":-1.0,"rhs":0.0},"i34":{"is_on[g169,33]":1.0,"overflow[l2371,32]":-0.0338338258410585,"rhs":0.0,"switch_on[g169,33]":-1.0},"i9":{"is_on[g169,10]":1.0,"switch_on[g169,10]":-1.0,"overflow[l2371,9]":-0.0312565931876259,"rhs":0.0},"i22":{"switch_on[g169,21]":-1.0,"overflow[l2371,20]":-0.0319382391107376,"rhs":0.0,"is_on[g169,21]":1.0},"i14":{"switch_on[g170,16]":-1.0,"switch_on[g170,15]":-1.0,"overflow[l2372,14]":-0.0404962573358978,"is_on[g170,18]":1.0,"switch_on[g170,18]":-1.0,"rhs":0.0,"switch_on[g170,17]":-1.0},"i16":{"switch_on[g170,16]":-1.0,"is_on[g170,19]":1.0,"overflow[l2372,15]":-0.0400332916853663,"switch_on[g170,18]":-1.0,"rhs":0.0,"switch_on[g170,17]":-1.0,"switch_on[g170,19]":-1.0},"i10":{"switch_on[g169,11]":-1.0,"is_on[g169,11]":1.0,"rhs":0.0,"overflow[l2371,10]":-0.0313174695735128},"i37":{"is_on[g169,35]":1.0,"overflow[l2371,34]":-0.0325564496280103,"rhs":0.0,"switch_on[g169,35]":-1.0},"i15":{"overflow[l2371,15]":-0.0293347953795354,"rhs":0.0,"switch_on[g169,16]":-1.0,"is_on[g169,16]":1.0},"i17":{"overflow[l2371,16]":-0.0294480290875855,"is_on[g169,17]":1.0,"switch_on[g169,17]":-1.0,"rhs":0.0},"i7":{"overflow[l2371,7]":-0.0305103806993776,"is_on[g169,8]":1.0,"rhs":0.0,"switch_on[g169,8]":-1.0},"i20":{"overflow[l2371,18]":-0.0325557394954841,"is_on[g169,19]":1.0,"rhs":0.0,"switch_on[g169,19]":-1.0},"i11":{"overflow[l2371,12]":-0.0302621580489626,"is_on[g169,13]":1.0,"switch_on[g169,13]":-1.0,"rhs":0.0},"i30":{"is_on[g169,29]":1.0,"switch_on[g169,29]":-1.0,"overflow[l2371,28]":-0.0277027111258245,"rhs":0.0},"i1":{"is_on[g169,3]":1.0,"switch_on[g169,3]":-1.0,"rhs":0.0,"overflow[l2371,2]":-0.0287123570232294},"i39":{"is_on[g169,36]":1.0,"overflow[l2371,36]":-0.0315540727946152,"rhs":0.0},"i25":{"is_on[g169,24]":1.0,"rhs":0.0,"switch_on[g169,24]":-1.0,"overflow[l2371,23]":-0.0294904260806253},"i18":{"switch_on[g170,16]":-1.0,"is_on[g170,19]":1.0,"overflow[l2372,16]":-0.0402444771497901,"switch_on[g170,18]":-1.0,"rhs":0.0,"switch_on[g170,17]":-1.0,"switch_on[g170,19]":-1.0},"i38":{"is_on[g169,36]":1.0,"switch_on[g169,36]":-1.0,"rhs":0.0,"overflow[l2371,35]":-0.0319587144543196}}