{"i8":{"switch_off[g103,1]":-1.0,"segprod[g103,2,18]":0.00404710834109029,"is_on[g103,4]":-1.0,"rhs":0.0,"switch_off[g103,4]":-1.0,"switch_off[g103,2]":-1.0,"switch_off[g103,3]":-1.0},"i23":{"switch_off[g103,24]":-1.0,"switch_off[g103,25]":-1.0,"is_on[g103,25]":-1.0,"rhs":0.0,"switch_off[g103,23]":-1.0,"segprod[g103,2,29]":0.00404710834109029,"switch_off[g103,22]":-1.0},"i21":{"switch_off[g103,1]":-1.0,"is_on[g103,4]":-1.0,"rhs":0.0,"switch_off[g103,4]":-1.0,"segprod[g103,4,21]":0.00404710834109029,"switch_off[g103,2]":-1.0,"switch_off[g103,3]":-1.0},"i12":{"switch_off[g103,1]":-1.0,"is_on[g103,4]":-1.0,"segprod[g103,3,19]":0.00404710834109029,"switch_off[g103,4]":-1.0,"rhs":0.0,"switch_off[g103,2]":-1.0,"switch_off[g103,3]":-1.0},"i35":{"switch_off[g103,24]":-1.0,"switch_off[g103,25]":-1.0,"is_on[g103,25]":-1.0,"segprod[g103,1,33]":0.00404710834109029,"switch_off[g103,23]":-1.0,"rhs":0.0,"switch_off[g103,22]":-1.0},"i27":{"switch_off[g103,24]":-1.0,"switch_off[g103,25]":-1.0,"segprod[g103,1,31]":0.00404710834109029,"is_on[g103,25]":-1.0,"rhs":0.0,"switch_off[g103,23]":-1.0,"switch_off[g103,22]":-1.0},"file name":"2017-01-29.1.final.mps.gz","i24":{"segprod[g103,1,30]":0.00404710834109029,"switch_off[g103,24]":-1.0,"switch_off[g103,25]":-1.0,"is_on[g103,25]":-1.0,"rhs":0.0,"switch_off[g103,23]":-1.0,"switch_off[g103,22]":-1.0},"i29":{"switch_off[g103,24]":-1.0,"switch_off[g103,25]":-1.0,"is_on[g103,25]":-1.0,"rhs":0.0,"switch_off[g103,23]":-1.0,"switch_off[g103,22]":-1.0,"segprod[g103,3,31]":0.00404710834109029},"i33":{"switch_off[g103,24]":-1.0,"switch_off[g103,25]":-1.0,"is_on[g103,25]":-1.0,"rhs":0.0,"switch_off[g103,23]":-1.0,"switch_off[g103,22]":-1.0,"segprod[g103,3,32]":0.00404710834109029},"i19":{"switch_off[g103,1]":-1.0,"segprod[g103,2,21]":0.00404710834109029,"is_on[g103,4]":-1.0,"rhs":0.0,"switch_off[g103,4]":-1.0,"switch_off[g103,2]":-1.0,"switch_off[g103,3]":-1.0},"i5":{"prod_above[g103,32]":0.00101177708527257,"switch_off[g103,24]":-1.0,"switch_off[g103,25]":-1.0,"is_on[g103,25]":-1.0,"rhs":0.0,"switch_off[g103,23]":-1.0,"switch_off[g103,22]":-1.0},"i3":{"switch_off[g103,24]":-1.0,"switch_off[g103,25]":-1.0,"is_on[g103,25]":-1.0,"prod_above[g103,30]":0.00101177708527257,"switch_off[g103,23]":-1.0,"rhs":0.0,"switch_off[g103,22]":-1.0},"i32":{"switch_off[g103,24]":-1.0,"switch_off[g103,25]":-1.0,"is_on[g103,25]":-1.0,"rhs":0.0,"switch_off[g103,23]":-1.0,"switch_off[g103,22]":-1.0,"segprod[g103,2,32]":0.00404710834109029},"i2":{"switch_off[g103,1]":-1.0,"prod_above[g103,21]":0.00101177708527257,"is_on[g103,4]":-1.0,"rhs":0.0,"switch_off[g103,4]":-1.0,"switch_off[g103,2]":-1.0,"switch_off[g103,3]":-1.0},"i13":{"switch_off[g103,1]":-1.0,"is_on[g103,4]":-1.0,"segprod[g103,4,19]":0.00404710834109029,"switch_off[g103,4]":-1.0,"rhs":0.0,"switch_off[g103,2]":-1.0,"switch_off[g103,3]":-1.0},"i28":{"segprod[g103,2,31]":0.00404710834109029,"switch_off[g103,24]":-1.0,"switch_off[g103,25]":-1.0,"is_on[g103,25]":-1.0,"rhs":0.0,"switch_off[g103,23]":-1.0,"switch_off[g103,22]":-1.0},"i6":{"switch_off[g103,24]":-1.0,"switch_off[g103,25]":-1.0,"prod_above[g103,33]":0.00101177708527257,"is_on[g103,25]":-1.0,"rhs":0.0,"switch_off[g103,23]":-1.0,"switch_off[g103,22]":-1.0},"i26":{"switch_off[g103,24]":-1.0,"switch_off[g103,25]":-1.0,"segprod[g103,3,30]":0.00404710834109029,"is_on[g103,25]":-1.0,"rhs":0.0,"switch_off[g103,23]":-1.0,"switch_off[g103,22]":-1.0},"i36":{"switch_off[g103,24]":-1.0,"switch_off[g103,25]":-1.0,"is_on[g103,25]":-1.0,"rhs":0.0,"switch_off[g103,23]":-1.0,"switch_off[g103,22]":-1.0,"segprod[g103,2,33]":0.00404710834109029},"i4":{"switch_off[g103,24]":-1.0,"switch_off[g103,25]":-1.0,"prod_above[g103,31]":0.00101177708527257,"is_on[g103,25]":-1.0,"rhs":0.0,"switch_off[g103,23]":-1.0,"switch_off[g103,22]":-1.0},"i0":{"switch_off[g103,1]":-1.0,"prod_above[g103,19]":0.00101177708527257,"is_on[g103,4]":-1.0,"rhs":0.0,"switch_off[g103,4]":-1.0,"switch_off[g103,2]":-1.0,"switch_off[g103,3]":-1.0},"i31":{"switch_off[g103,24]":-1.0,"switch_off[g103,25]":-1.0,"segprod[g103,1,32]":0.00404710834109029,"is_on[g103,25]":-1.0,"rhs":0.0,"switch_off[g103,23]":-1.0,"switch_off[g103,22]":-1.0},"i34":{"segprod[g103,4,32]":0.00404710834109029,"switch_off[g103,24]":-1.0,"switch_off[g103,25]":-1.0,"is_on[g103,25]":-1.0,"rhs":0.0,"switch_off[g103,23]":-1.0,"switch_off[g103,22]":-1.0},"i9":{"switch_off[g103,1]":-1.0,"is_on[g103,4]":-1.0,"segprod[g103,3,18]":0.00404710834109029,"switch_off[g103,4]":-1.0,"rhs":0.0,"switch_off[g103,2]":-1.0,"switch_off[g103,3]":-1.0},"i22":{"switch_off[g103,24]":-1.0,"switch_off[g103,25]":-1.0,"is_on[g103,25]":-1.0,"segprod[g103,1,29]":0.00404710834109029,"switch_off[g103,23]":-1.0,"rhs":0.0,"switch_off[g103,22]":-1.0},"i14":{"switch_off[g103,1]":-1.0,"segprod[g103,1,20]":0.00404710834109029,"is_on[g103,4]":-1.0,"rhs":0.0,"switch_off[g103,4]":-1.0,"switch_off[g103,2]":-1.0,"switch_off[g103,3]":-1.0},"i16":{"switch_off[g103,1]":-1.0,"segprod[g103,3,20]":0.00404710834109029,"is_on[g103,4]":-1.0,"rhs":0.0,"switch_off[g103,4]":-1.0,"switch_off[g103,2]":-1.0,"switch_off[g103,3]":-1.0},"i10":{"switch_off[g103,1]":-1.0,"segprod[g103,1,19]":0.00404710834109029,"is_on[g103,4]":-1.0,"rhs":0.0,"switch_off[g103,4]":-1.0,"switch_off[g103,2]":-1.0,"switch_off[g103,3]":-1.0},"i37":{"segprod[g103,3,33]":0.00404710834109029,"switch_off[g103,24]":-1.0,"switch_off[g103,25]":-1.0,"is_on[g103,25]":-1.0,"rhs":0.0,"switch_off[g103,23]":-1.0,"switch_off[g103,22]":-1.0},"i15":{"switch_off[g103,1]":-1.0,"segprod[g103,2,20]":0.00404710834109029,"is_on[g103,4]":-1.0,"rhs":0.0,"switch_off[g103,4]":-1.0,"switch_off[g103,2]":-1.0,"switch_off[g103,3]":-1.0},"i17":{"switch_off[g103,1]":-1.0,"segprod[g103,4,20]":0.00404710834109029,"is_on[g103,4]":-1.0,"rhs":0.0,"switch_off[g103,4]":-1.0,"switch_off[g103,2]":-1.0,"switch_off[g103,3]":-1.0},"i7":{"switch_off[g103,1]":-1.0,"segprod[g103,1,18]":0.00404710834109029,"is_on[g103,4]":-1.0,"rhs":0.0,"switch_off[g103,4]":-1.0,"switch_off[g103,2]":-1.0,"switch_off[g103,3]":-1.0},"i20":{"switch_off[g103,1]":-1.0,"is_on[g103,4]":-1.0,"segprod[g103,3,21]":0.00404710834109029,"switch_off[g103,4]":-1.0,"rhs":0.0,"switch_off[g103,2]":-1.0,"switch_off[g103,3]":-1.0},"i11":{"switch_off[g103,1]":-1.0,"is_on[g103,4]":-1.0,"segprod[g103,2,19]":0.00404710834109029,"switch_off[g103,4]":-1.0,"rhs":0.0,"switch_off[g103,2]":-1.0,"switch_off[g103,3]":-1.0},"i30":{"switch_off[g103,24]":-1.0,"switch_off[g103,25]":-1.0,"is_on[g103,25]":-1.0,"rhs":0.0,"switch_off[g103,23]":-1.0,"switch_off[g103,22]":-1.0,"segprod[g103,4,31]":0.00404710834109029},"i1":{"switch_off[g103,1]":-1.0,"prod_above[g103,20]":0.00101177708527257,"is_on[g103,4]":-1.0,"rhs":0.0,"switch_off[g103,4]":-1.0,"switch_off[g103,2]":-1.0,"switch_off[g103,3]":-1.0},"i25":{"switch_off[g103,24]":-1.0,"switch_off[g103,25]":-1.0,"is_on[g103,25]":-1.0,"segprod[g103,2,30]":0.00404710834109029,"switch_off[g103,23]":-1.0,"rhs":0.0,"switch_off[g103,22]":-1.0},"i18":{"switch_off[g103,1]":-1.0,"segprod[g103,1,21]":0.00404710834109029,"is_on[g103,4]":-1.0,"rhs":0.0,"switch_off[g103,4]":-1.0,"switch_off[g103,2]":-1.0,"switch_off[g103,3]":-1.0},"i38":{"switch_off[g103,24]":-1.0,"switch_off[g103,25]":-1.0,"is_on[g103,25]":-1.0,"segprod[g103,4,33]":0.00404710834109029,"switch_off[g103,23]":-1.0,"rhs":0.0,"switch_off[g103,22]":-1.0}}