{"f156":{"switch_on[g143,22]":0.222389294038042,"is_on[g143,22]":-1.0,"segprod[g143,3,22]":0.00751823171190136,"switch_off[g143,23]":0.222389294038042,"segprod[g143,2,22]":0.00751823171190136,"rhs":0.0,"segprod[g143,1,22]":0.00751823171190136},"f62":{"overflow[l2373,33]":-0.00828802958229822,"prod_above[g171,33]":0.00828802958229822,"is_on[g171,33]":-1.0,"rhs":0.0},"f72":{"overflow[l2468,16]":-0.0254138712467206,"is_on[g266,16]":-1.0,"rhs":0.0,"prod_above[g266,16]":0.0254138712467206},"r213":{"segprod[g171,2,36]":0.00211214647040716,"overflow[l2373,36]":-0.00211214647040716,"segprod[g171,4,19]":-0.00342732335136399,"segprod[g171,2,19]":0.000194741846966792,"overflow[l2373,19]":-0.00362206519833078,"segprod[g171,3,36]":0.00211214647040716,"segprod[g171,1,36]":0.00211214647040716,"is_on[g171,19]":-0.404048866254327,"rhs":0.0,"segprod[g171,3,19]":-0.00342732335136399,"prod_above[g171,19]":0.00342732335136399,"is_on[g171,36]":-1.0,"segprod[g171,1,19]":0.000194741846966792},"r223":{"segprod[g130,3,31]":0.0256442348404758,"segprod[g130,1,32]":0.00417051570070022,"segprod[g130,3,32]":0.00417051570070022,"segprod[g130,2,32]":0.00417051570070022,"switch_off[g130,32]":0.0706209739483334,"is_on[g130,31]":-1.0,"prod_above[g130,32]":0.00213506151655785,"segprod[g130,4,32]":0.00417051570070022,"switch_on[g130,31]":0.19114887769857,"is_on[g130,32]":-0.120527903750236,"segprod[g130,4,31]":-0.0131283569847919,"rhs":0.0,"segprod[g130,2,31]":0.0256442348404758,"segprod[g130,1,31]":0.0256442348404758,"switch_on[g130,32]":-0.0617032778285218,"prod_above[g130,31]":0.0131283569847919},"r224":{"is_on[g132,32]":0.101325422628105,"switch_on[g132,31]":0.153144336897457,"prod_above[g132,31]":0.0105109359572723,"switch_off[g132,32]":0.101325422628105,"segprod[g132,3,31]":0.0205528240624959,"rhs":0.0,"switch_on[g132,32]":-0.101325422628105,"segprod[g132,2,31]":0.0205528240624959,"segprod[g132,1,31]":0.0205528240624959,"is_on[g132,31]":-1.0,"segprod[g132,4,31]":-0.0105109359572723},"f36":{"overflow[l2373,14]":-0.00819607973310286,"rhs":0.0,"is_on[g171,14]":-1.0,"prod_above[g171,14]":0.00819607973310286},"r291":{"is_on[g107,32]":-0.0736699185356532,"segprod[g107,2,31]":0.00502866338127326,"segprod[g107,3,31]":0.00502866338127326,"segprod[g107,4,31]":-0.00331181606047034,"prod_above[g107,32]":0.000711885480200091,"startup[g107,2,32]":-0.0284002216154359,"startup[g107,1,32]":-0.0284002216154359,"prod_above[g107,31]":0.00331181606047034,"segprod[g107,1,31]":0.00502866338127326,"rhs":0.0,"switch_on[g107,31]":0.235701949023674,"switch_on[g107,32]":0.0305470059553859,"is_on[g107,31]":-1.0},"r293":{"switch_on[g269,36]":-0.0617387612046295,"switch_on[g269,34]":-0.0617387612046295,"is_on[g269,31]":-1.0,"segprod[g269,2,31]":0.0256310925359547,"segprod[g269,4,31]":-0.013108017240898,"segprod[g269,3,31]":0.0256310925359547,"switch_off[g269,33]":0.0617387612046295,"switch_on[g269,31]":0.190983811199883,"prod_above[g269,31]":0.013108017240898,"is_on[g269,36]":0.0617387612046295,"segprod[g269,1,31]":0.0256310925359547,"switch_on[g269,35]":-0.0617387612046295,"switch_off[g269,36]":0.0617387612046295,"switch_on[g269,33]":-0.0617387612046295,"rhs":0.0,"switch_off[g269,34]":0.0617387612046295,"switch_off[g269,32]":0.0702613653555368,"switch_off[g269,35]":0.0617387612046295,"switch_on[g269,32]":-0.0617387612046295},"f65":{"is_on[g266,13]":-1.0,"prod_above[g266,13]":0.0252839705947422,"rhs":0.0,"overflow[l2468,13]":-0.0252839705947422},"r225":{"is_on[g131,36]":0.101485148514851,"switch_off[g131,35]":0.101485148514851,"switch_on[g131,34]":-0.101485148514851,"switch_on[g131,33]":-0.101485148514851,"segprod[g131,1,31]":0.0206270627062706,"segprod[g131,3,31]":0.0206270627062706,"switch_on[g131,35]":-0.101485148514851,"segprod[g131,4,31]":-0.0105713696369637,"is_on[g131,31]":-1.0,"rhs":0.0,"switch_off[g131,34]":0.101485148514851,"switch_on[g131,36]":-0.101485148514851,"switch_off[g131,33]":0.101485148514851,"switch_off[g131,36]":0.101485148514851,"prod_above[g131,31]":0.0105713696369637,"switch_on[g131,32]":-0.101485148514851,"segprod[g131,2,31]":0.0206270627062706,"switch_on[g131,31]":0.153496287128713,"switch_off[g131,32]":0.101485148514851},"f37":{"is_on[g171,15]":-1.0,"prod_above[g171,15]":0.00821584942516988,"rhs":0.0,"overflow[l2373,15]":-0.00821584942516988},"r292":{"is_on[g40,32]":-1.0,"startup[g40,1,28]":0.126130653266332,"switch_off[g40,30]":-0.161925772076463,"startup[g40,1,29]":0.279531514355698,"is_on[g40,28]":-0.40566216762203,"switch_on[g40,32]":-0.0630653266331662,"startup[g40,2,28]":-0.252261306532664,"startup[g40,2,33]":-0.441457286432161,"startup[g40,3,33]":-0.441457286432161,"switch_off[g40,33]":-0.315326633165829,"is_on[g40,31]":0.153400861089367,"prod_above[g40,32]":0.0125628140703517,"is_on[g40,29]":-0.189195979899497,"rhs":0.0,"startup[g40,2,30]":0.161925772076463,"segprod[g40,1,32]":0.0125628140703518,"startup[g40,1,34]":0.315326633165829,"startup[g40,3,29]":-0.477252405242292,"switch_on[g40,28]":0.252261306532664,"segprod[g40,2,32]":0.0125628140703518,"startup[g40,2,29]":-0.0988604454432967,"startup[g40,3,31]":-0.594858147521527,"startup[g40,3,30]":-0.594858147521527,"startup[g40,1,30]":0.161925772076463,"startup[g40,3,28]":-0.252261306532664,"switch_on[g40,29]":0.0715902376202621,"switch_off[g40,35]":0.441457286432161,"startup[g40,2,34]":-0.441457286432161,"startup[g40,1,31]":-0.14487595010227,"switch_off[g40,29]":-0.729513711774955,"startup[g40,3,34]":-0.441457286432161,"startup[g40,2,31]":0.161925772076463,"switch_off[g40,34]":-0.315326633165829,"switch_off[g40,28]":-0.75678391959799,"is_on[g40,35]":0.441457286432161,"switch_off[g40,31]":-0.161925772076463,"switch_off[g40,32]":-0.315326633165829,"startup[g40,1,33]":0.315326633165829,"switch_off[g40,27]":-0.75678391959799,"switch_off[g40,26]":-0.378391959798995,"segprod[g40,4,32]":0.0125628140703518,"segprod[g40,3,32]":0.0125628140703518,"switch_on[g40,35]":-0.441457286432161},"r219":{"switch_on[g205,32]":-0.101325422628105,"prod_above[g205,31]":0.0105109359572723,"segprod[g205,1,31]":0.0205528240624959,"switch_off[g205,32]":0.101325422628105,"segprod[g205,2,31]":0.0205528240624959,"is_on[g205,31]":-1.0,"segprod[g205,3,31]":0.0205528240624959,"rhs":0.0,"is_on[g205,32]":0.101325422628105,"segprod[g205,4,31]":-0.0105109359572723,"switch_on[g205,31]":0.153144336897457},"f27":{"prod_above[g171,9]":0.00817917764584945,"is_on[g171,9]":-1.0,"rhs":0.0,"overflow[l2373,9]":-0.00817917764584946},"f64":{"overflow[l2468,9]":-0.025318487584953,"is_on[g266,9]":-1.0,"prod_above[g266,9]":0.025318487584953,"rhs":0.0},"f73":{"is_on[g266,18]":-1.0,"rhs":0.0,"overflow[l2468,18]":-0.0249683650814418,"prod_above[g266,18]":0.0249683650814418},"f22":{"is_on[g143,31]":-1.0,"rhs":0.0,"prod_above[g143,31]":0.00579911853398284,"prod_above[g143,30]":-0.00579911853398284},"f70":{"prod_above[g266,8]":0.0254182897303755,"is_on[g266,8]":-1.0,"rhs":0.0,"overflow[l2468,8]":-0.0254182897303755},"r211":{"reserve[g143,31]":0.00579911853398283,"segprod[g143,3,30]":-0.00563888575617458,"switch_on[g143,31]":0.400197170030156,"is_on[g143,31]":-1.0,"segprod[g143,2,30]":-0.00563888575617458,"rhs":0.0,"segprod[g143,1,30]":-0.00563888575617458,"prod_above[g143,31]":0.00579911853398283,"prod_above[g143,30]":-0.000160232777808254,"segprod[g143,4,30]":-0.00563888575617458},"f66":{"overflow[l2468,14]":-0.0253569819308682,"is_on[g266,14]":-1.0,"prod_above[g266,14]":0.0253569819308682,"rhs":0.0},"f155":{"switch_on[g143,22]":0.222389294038043,"is_on[g143,22]":-1.0,"segprod[g143,4,22]":-0.00751823171190136,"switch_off[g143,23]":0.222389294038043,"prod_above[g143,22]":0.00751823171190136,"rhs":0.0},"r289":{"startup[g40,1,31]":0.0818106234691044,"startup[g40,3,33]":-0.189195979899497,"startup[g40,3,34]":-0.189195979899497,"is_on[g40,32]":-1.0,"switch_off[g40,29]":-0.342596840988864,"switch_off[g40,33]":-0.189195979899497,"segprod[g40,4,32]":0.0125628140703518,"startup[g40,2,31]":0.153400861089366,"switch_off[g40,34]":-0.189195979899497,"is_on[g40,31]":0.035795118810131,