{"i0":{"is_on[g232,21]":-1.0,"startup[g232,1,23]":-0.015994538450284,"switch_off[g232,22]":0.015994538450284,"prod_above[g232,21]":0.00162546122462249,"overflow[l2434,21]":-0.00162546122462249,"rhs":0.0},"file name":"2017-02-28.1.final.mps.gz"}