{"i0":{"switch_off[g215,19]":-1.0,"switch_off[g215,20]":-1.0,"reserve[g215,18]":0.0063399480124263,"prod_above[g215,18]":0.0063399480124263,"is_on[g215,20]":-1.0,"rhs":0.0,"prod_above[g215,17]":-0.0063399480124263},"file name":"2017-01-21.1.final.mps.gz"}