{"f52":{"prod_above[g173,8]":0.0199597332341733,"is_on[g173,8]":-1.0,"overflow[l2375,8]":-0.0199597332341733,"rhs":0.0},"f80":{"prod_above[g173,6]":0.0215841515345574,"is_on[g173,6]":-1.0,"overflow[l2375,6]":-0.0215841515345574,"rhs":0.0},"f84":{"is_on[g173,12]":-1.0,"rhs":0.0,"prod_above[g173,12]":0.0205905281099829,"overflow[l2375,12]":-0.0205905281099829},"f51":{"overflow[l2373,8]":-0.00737458395362802,"prod_above[g171,8]":0.00737458395362802,"is_on[g171,8]":-1.0,"rhs":0.0},"f76":{"is_on[g173,2]":-1.0,"prod_above[g173,2]":0.0224561302653167,"overflow[l2375,2]":-0.0224561302653167,"rhs":0.0},"f375":{"is_on[g275,6]":-1.0,"segprod[g275,4,6]":-0.0529100529100529,"switch_off[g275,7]":0.255555555555556,"prod_above[g275,6]":0.0529100529100529,"switch_on[g275,6]":0.255555555555556,"rhs":0.0},"r250":{"segprod[g179,3,30]":-0.00842159816020471,"reserve[g179,31]":0.00971722864639005,"segprod[g179,1,30]":-0.00842159816020471,"segprod[g179,4,30]":-0.00842159816020471,"prod_above[g179,30]":-0.00129563048618534,"prod_above[g179,31]":0.00971722864639005,"segprod[g179,2,30]":-0.00842159816020471,"rhs":0.0,"switch_on[g179,31]":0.419395588378195,"switch_off[g179,32]":0.419395588378195,"is_on[g179,31]":-1.0},"f95":{"is_on[g173,25]":-1.0,"overflow[l2375,25]":-0.0219743080784806,"prod_above[g173,25]":0.0219743080784805,"rhs":0.0},"f100":{"is_on[g173,30]":-1.0,"rhs":0.0,"prod_above[g173,30]":0.0213688455053837,"overflow[l2375,30]":-0.0213688455053837},"f92":{"prod_above[g173,22]":0.020708302641903,"rhs":0.0,"is_on[g173,22]":-1.0,"overflow[l2375,22]":-0.020708302641903},"f102":{"is_on[g173,33]":-1.0,"prod_above[g173,33]":0.0200563825024908,"overflow[l2375,33]":-0.0200563825024908,"rhs":0.0},"f65":{"segprod[g150,2,31]":0.0509683995922528,"switch_on[g150,31]":0.188583078491336,"segprod[g150,1,31]":0.0509683995922528,"segprod[g150,3,31]":0.0509683995922528,"rhs":0.0,"is_on[g150,31]":-1.0},"f373":{"is_on[g152,18]":-1.0,"segprod[g152,1,18]":0.0496277915632754,"switch_on[g152,18]":0.185111662531017,"switch_off[g152,19]":0.185111662531017,"segprod[g152,2,18]":0.0496277915632754,"segprod[g152,3,18]":0.0496277915632754,"rhs":0.0},"f85":{"overflow[l2375,13]":-0.0207929646588216,"prod_above[g173,13]":0.0207929646588216,"rhs":0.0,"is_on[g173,13]":-1.0},"f212":{"segprod[g171,1,33]":0.00738773741971745,"overflow[l2373,33]":-0.00738773741971745,"rhs":0.0,"is_on[g171,33]":-1.0},"f93":{"overflow[l2375,23]":-0.0216072323728197,"prod_above[g173,23]":0.0216072323728197,"rhs":0.0,"is_on[g173,23]":-1.0},"f89":{"is_on[g173,17]":-1.0,"prod_above[g173,17]":0.0208282998275415,"rhs":0.0,"overflow[l2375,17]":-0.0208282998275415},"f73":{"is_on[g171,34]":-1.0,"prod_above[g171,34]":0.00741267864555535,"rhs":0.0,"overflow[l2373,34]":-0.00741267864555536},"f50":{"overflow[l2375,7]":-0.0200924978229778,"prod_above[g173,7]":0.0200924978229778,"is_on[g173,7]":-1.0,"rhs":0.0},"f289":{"prod_above[g54,6]":0.0353232073472272,"switch_on[g54,6]":0.170611091487106,"rhs":0.0,"switch_off[g54,7]":0.170611091487106,"is_on[g54,6]":-1.0,"segprod[g54,4,6]":-0.0353232073472272},"f171":{"is_on[g171,19]":-1.0,"overflow[l2373,19]":-0.00737884199700389,"rhs":0.0,"segprod[g171,1,19]":0.00737884199700389},"f82":{"overflow[l2375,10]":-0.0206396985613303,"prod_above[g173,10]":0.0206396985613303,"is_on[g173,10]":-1.0,"rhs":0.0},"f46":{"switch_on[g274,6]":0.171418389166073,"segprod[g274,1,6]":0.0356379187455453,"is_on[g274,6]":-1.0,"segprod[g274,3,6]":0.0356379187455453,"rhs":0.0,"segprod[g274,2,6]":0.0356379187455453},"r244":{"switch_off[g235,16]":-0.5,"switch_off[g235,29]":0.25,"startup[g235,1,28]":-0.25,"switch_off[g235,25]":-1.0,"startup[g235,2,27]":-0.25,"startup[g235,2,30]":0.25,"startup[g235,2,28]":-0.25,"startup[g235,3,28]":-0.25,"switch_off[g235,26]":-0.5,"switch_off[g235,17]":-0.5,"switch_off[g235,23]":-0.5,"startup[g235,1,29]":0.25,"is_on[g235,31]":0.25,"startup[g235,3,30]":-0.25,"switch_off[g235,28]":0.25,"startup[g235,3,27]":-0.25,"switch_off[g235,15]":-0.5,"is_on[g235,26]":-0.25,"switch_off[g235,19]":-0.5,"startup[g235,3,29]":-0.25,"switch_off[g235,27]":-0.25,"startup[g235,1,27]":-0.25,"switch_off[g235,18]":-0.5,"startup[g235,2,29]":-0.25,"startup[g235,3,31]":-0.25,"switch_off[g235,21]":-0.5,"rhs":0.0,"switch_off[g235,24]":-1.0,"startup[g235,1,30]":0.25,"switch_off[g235,31]":0.25,"switch_off[g235,30]":0.25,"startup[g235,2,31]":-0.25,"switch_off[g235,20]":-0.5,"switch_off[g235,22]":-0.5,"startup[g235,1,31]":0.25},"f48":{"segprod[g107,2,7]":0.00776819700147596,"segprod[g107,3,7]":0.00776819700147596,"switch_off[g107,8]":0.219606929231725,"rhs":0.0,"is_on[g107,7]":-1.0,"switch_on[g107,7]":0.219606929231725,"segprod[g107,1,7]":0.00776819700147596},"f87":{"overflow[l2375,15]":-0.0213197932747563,"is_on[g173,15]":-1.0,"prod_above[g173,15]":0.0213197932747563,"rhs":0.0},"f179":{"segprod[g45,4,21]":-0.735294117647059,"prod_above[g45,21]":0.735294117647059,"is_on[g45,21]":-1.0,"prod_above[g45,22]":-0.735294117647059,"segprod[g45,2,22]":0.735294117647059,"rhs":0.0,"is_on[g45,22]":-0.073529411764706},"f392":{"switch_on[g234,31]":0.243553479805289,"segprod[g234,4,31]":-0.00328904091566899,"switch_off[g234,32]":0.243553479805289,"rhs":0.0,"is_on[g234,31]":-1.0,"prod_above[g234,31]":0.00328904091566899},"f447":{"switch_on[g179,31]":0.207229700390793,"prod_above[g179,31]":0.0108554059921841,"rhs":0.0,"segprod[g179,4,31]":-0.0108554059921841,"switch_off[g179,32]":0.207229700390793,"is_on[g179,31]":-1.0},"r249":{"is_on[g150,8]":0.666666666666667,"switch_off[g150,3]":-1.0,"is_on[g150,5]":-0.333333333333333,"switch_off[g150,8]":0.666666666666667,"startup[g150,3,6]":-0.666666666666666,"switch_off[g150,6]":-0.666666666666667,"switch_on[g150,6]":0.333333333333333,"is_on[g150,6]":-0.333333333333333,"startup[g150,2,7]":0.333333333333333,"switch_off[g150,7]":-0.333333333333333,"switch_off[g150,4]":-1.0,"startup[g150,1,8]":0.333333333333333,"switch_off[g150,5]":-1.0,"rhs":0.0,"startup[g150,3,7]":-0.666666666666667,"startup[g150,2,6]":0.333333333333333,"startup[g150,1,6]":0.333333333333333,"startup[g150,1,7]":0.333333333333333,"startup[g150,3,8]":-0.666666666666667,"startup[g150,2,8]":0.333333333333333},"f61":{"is_on[g45,21]":-0.78,"segprod[g45,2,21]":0.5,"segprod[g45,3,21]":1.0,"switch_off[g45,22]":0.05,"rhs":0.0},"f88":{"overflow[l2375,16]":-0.0210971932926958,"rhs":0.0,"prod_above[g173,16]":0.0210971932926957,"is_on[g173,16]":-1.0},"r354":{"is_on[g150,8]":0.833333333333333,"switch_off[g150,3]":-1.0,"is_on[g150,5]":-0.666666666666667,"switch_off[g150,8]":0.833333333333333,"is_on[g150,1]":-0.5,"is_on[g150,2]":-0.5,"startup[g150,3,6]":-0.833333333333333,"switch_off[g150,6]":-0.333333333333333,"switch_on[g150,6]":0.166666666666667,"is_on[g150,6]":-0.166666666666667,"switch_on[g150,5]":0.5,"switch_off[g150,7]":-0.166666666666667,"switch_off[g150,4]":-1.0,"startup[g150,3,5]":-0.5,"startup[g150,2,7]":0.166666666666667,"startup[g150,1,8]":0.166666666666667,"switch_off[g150,5]":-1.0,"startup[g150,1,2]":-0.5,"startup[g150,3,7]":-0.833333333333333,"rhs":0.0,"startup[g150,2,6]":0.166666666666667,"startup[g150,3,2]":-0.5,"startup[g150,1,6]":0.166666666666667,"startup[g150,1,5]":0.5,"startup[g150,1,7]":0.166666666666667,"startup[g150,3,8]":-0.833333333333333,"startup[g150,2,5]":0.5,"switch_off[g150,2]":-0.5,"startup[g150,2,8]":0.166666666666667},"f103":{"overflow[l2375,34]":-0.0202412760100395,"is_on[g173,34]":-1.0,"rhs":0.0,"prod_above[g173,34]":0.0202412760100395},"f78":{"prod_above[g173,4]":0.0225017489484368,"is_on[g173,4]":-1.0,"rhs":0.0,"overflow[l2375,4]":-0.0225017489484368},"r245":{"switch_off[g173,26]":-0.452116854544843,"prod_above[g173,31]":0.0198006196405909,"switch_off[g173,24]":-0.452116854544843,"startup[g173,2,31]":-0.219381108219767,"switch_on[g173,31]":0.219381108219767,"is_on[g173,31]":-1.0,"startup[g173,3,31]":-0.219381108219767,"switch_off[g173,27]":-0.452116854544843,"rhs":0.0,"overflow[l2375,31]":-0.0198006196405909,"switch_off[g173,25]":-0.452116854544843,"startup[g173,1,31]":0.232735746325077},