{"i4":{"reserve[g45,35]":0.5,"prod_above[g45,35]":0.5,"segprod[g45,3,36]":-1.0,"segprod[g45,2,36]":-0.5,"switch_off[g45,33]":0.73,"rhs":0.0,"segprod[g45,4,36]":-0.5},"i0":{"prod_above[g45,33]":-0.684931506849315,"reserve[g45,34]":0.684931506849315,"prod_above[g45,34]":0.684931506849315,"rhs":0.0,"is_on[g45,34]":-1.0},"i3":{"prod_above[g45,35]":-0.684931506849315,"reserve[g45,34]":0.684931506849315,"prod_above[g45,34]":0.684931506849315,"rhs":0.0,"is_on[g45,34]":-1.0},"i1":{"prod_above[g45,33]":0.684931506849315,"reserve[g45,33]":0.684931506849315,"prod_above[g45,34]":-0.684931506849315,"rhs":0.0,"is_on[g45,33]":-1.0},"file name":"2017-01-11.1.final.mps.gz","i2":{"reserve[g45,35]":0.684931506849315,"prod_above[g45,35]":0.684931506849315,"switch_off[g45,33]":1.0,"prod_above[g45,34]":-0.684931506849315,"rhs":0.0}}