{"i0":{"segprod[g67,1,22]":0.161550888529887,"switch_off[g67,23]":1.0,"rhs":0.0},"i1":{"is_on[g67,22]":-1.0,"segprod[g67,1,22]":0.043956043956044,"switch_off[g67,23]":0.272087912087911,"rhs":0.0},"file name":"2017-01-23.1.final.mps.gz","i2":{"is_on[g143,36]":-1.0,"switch_off[g143,34]":-1.0,"reserve[g143,31]":0.00579911853398283,"switch_off[g143,35]":-1.0,"switch_off[g143,33]":-1.0,"rhs":0.0,"switch_off[g143,36]":-1.0,"prod_above[g143,31]":0.00579911853398283,"prod_above[g143,30]":-0.00579911853398283}}