{"i0":{"switch_off[g232,23]":0.015994538450284,"is_on[g232,22]":-1.0,"startup[g232,1,24]":-0.015994538450284,"rhs":0.0,"overflow[l2434,22]":-0.00162546122462249,"prod_above[g232,22]":0.00162546122462249},"file name":"2017-02-23.1.final.mps.gz"}