{"i261":{"reserve[g112,23]":0.00143878681495763,"is_on[g112,23]":-1.0,"rhs":0.0},"i0":{"is_on[g104,35]":-1.0,"switch_off[g104,36]":0.423278411491342,"prod_above[g104,35]":0.00105618926911702,"rhs":0.0,"overflow[l2306,35]":-0.00105618926911702},"i260":{"is_on[g112,6]":-1.0,"reserve[g112,6]":0.00159560888435027,"rhs":0.0},"i262":{"is_on[g112,30]":-1.0,"rhs":0.0,"reserve[g112,30]":0.00142998098125295},"file name":"2017-02-02.1.final.mps.gz"}