{"f222":{"segprod[g54,4,33]":-0.0353232073472272,"is_on[g54,33]":-1.0,"switch_off[g54,34]":0.170611091487106,"prod_above[g54,33]":0.0353232073472272,"rhs":0.0,"switch_on[g54,33]":0.170611091487106},"r94":{"switch_off[g34,14]":-0.153144599232192,"switch_on[g34,10]":0.153144599232192,"switch_on[g34,8]":0.101336950203449,"switch_off[g34,11]":-0.153144599232192,"startup[g34,1,8]":-0.101336950203449,"startup[g34,2,18]":-0.101336950203449,"switch_off[g34,18]":0.25448154943564,"switch_off[g34,12]":-0.0518076490287427,"is_on[g34,11]":-0.101336950203449,"segprod[g34,2,17]":0.0193760899050572,"startup[g34,1,18]":0.0518076490287427,"switch_on[g34,11]":0.153144599232192,"segprod[g34,1,17]":0.0193760899050572,"segprod[g34,4,17]":-0.00990586023494124,"is_on[g34,18]":0.101336950203449,"startup[g34,3,18]":-0.101336950203449,"rhs":0.0,"switch_on[g34,13]":0.0518076490287427,"segprod[g34,3,17]":0.0193760899050572,"switch_on[g34,12]":0.0518076490287427,"is_on[g34,13]":-0.0518076490287427,"prod_above[g34,17]":0.00990586023494124,"is_on[g34,17]":-1.0,"startup[g34,3,8]":-0.101336950203449,"switch_on[g34,17]":0.153144599232192,"switch_off[g34,13]":-0.0518076490287427},"r87":{"switch_off[g287,21]":0.450726196880043,"switch_on[g287,20]":0.450726196880043,"segprod[g287,1,20]":0.00114344059531321,"segprod[g287,3,20]":0.00114344059531321,"segprod[g287,2,20]":0.00114344059531321,"segprod[g287,4,20]":-0.00154617747892025,"rhs":0.0,"is_on[g287,20]":-1.0,"prod_above[g287,20]":0.00154617747892025},"f188":{"segprod[g287,1,20]":0.00622781341471009,"segprod[g287,2,20]":0.00622781341471009,"rhs":0.0,"is_on[g287,21]":-0.271844055552095,"is_on[g287,20]":-1.0},"file name":"2017-01-12.1.final.mps.gz","r92":{"is_on[g152,18]":-1.0,"segprod[g152,1,18]":0.00580904277563446,"switch_off[g152,13]":-0.0607044970053801,"switch_off[g152,17]":0.0303522485026901,"switch_on[g152,18]":0.363617906811491,"segprod[g152,2,18]":0.00580904277563446,"switch_off[g152,14]":-0.0607044970053801,"switch_off[g152,11]":-0.0607044970053801,"prod_above[g152,18]":0.0347959719436834,"switch_on[g152,16]":0.0303522485026901,"switch_off[g152,19]":0.363617906811491,"switch_off[g152,18]":0.0303522485026901,"startup[g152,2,17]":0.0303522485026901,"startup[g152,1,17]":0.0303522485026901,"switch_off[g152,15]":-0.0607044970053801,"switch_off[g152,16]":-0.0303522485026901,"startup[g152,1,18]":0.0303522485026901,"switch_off[g152,12]":-0.0607044970053801,"is_on[g152,16]":-0.0607044970053801,"rhs":0.0,"startup[g152,2,18]":0.0303522485026901,"startup[g152,3,18]":-0.0303522485026901,"startup[g152,3,17]":-0.0303522485026901,"is_on[g152,15]":-0.0303522485026901,"segprod[g152,3,18]":0.00580904277563446,"switch_off[g152,10]":-0.0607044970053801,"switch_on[g152,15]":0.0607044970053801,"segprod[g152,4,18]":-0.0347959719436834},"r192":{"segprod[g76,4,33]":-0.0148663421835071,"switch_on[g76,33]":0.180626057529611,"segprod[g76,2,33]":0.027434842249657,"switch_off[g76,34]":0.180626057529611,"segprod[g76,1,33]":0.027434842249657,"is_on[g76,33]":-1.0,"prod_above[g76,33]":0.0148663421835071,"segprod[g76,3,33]":0.027434842249657,"rhs":0.0},"f250":{"is_on[g152,18]":1.0,"is_on[g152,5]":-1.0,"switch_off[g152,13]":-1.0,"switch_off[g152,7]":-1.0,"switch_off[g152,4]":-1.0,"switch_off[g152,11]":-1.0,"is_on[g152,11]":-1.0,"is_on[g152,3]":-1.0,"startup[g152,3,10]":-1.0,"switch_off[g152,5]":-1.0,"switch_off[g152,6]":-1.0,"switch_off[g152,9]":-1.0,"switch_off[g152,15]":-1.0,"switch_off[g152,16]":-1.0,"switch_off[g152,12]":-1.0,"is_on[g152,16]":-1.0,"rhs":0.0,"startup[g152,3,11]":-1.0,"startup[g152,3,13]":-1.0,"switch_off[g152,3]":-1.0,"switch_off[g152,8]":-1.0,"startup[g152,3,18]":-1.0,"startup[g152,3,12]":-1.0,"is_on[g152,15]":-1.0,"startup[g152,3,17]":-1.0,"switch_off[g152,10]":-1.0,"switch_on[g152,14]":-1.0},"f160":{"segprod[g132,1,32]":0.0345661942620118,"is_on[g132,32]":-1.0,"segprod[g132,2,32]":0.0345661942620118,"rhs":0.0,"switch_on[g132,32]":0.170411337711718,"segprod[g132,3,32]":0.0345661942620118},"r190":{"switch_off[g15,34]":0.187350263536176,"switch_on[g15,33]":0.187350263536176,"segprod[g15,1,33]":0.0306801335996392,"prod_above[g15,33]":0.0172355348239353,"segprod[g15,2,33]":0.0306801335996392,"segprod[g15,3,33]":0.0306801335996392,"segprod[g15,4,33]":-0.0172355348239353,"rhs":0.0,"is_on[g15,33]":-1.0},"r189":{"switch_off[g150,17]":-0.0052910052910053,"switch_off[g150,11]":-0.0687830687830688,"startup[g150,1,12]":0.0317460317460317,"startup[g150,3,13]":-0.661375661375661,"is_on[g150,9]":-0.0476190476190476,"switch_on[g150,15]":0.0052910052910053,"startup[g150,3,6]":-0.365079365079365,"startup[g150,3,12]":-0.650793650793651,"startup[g150,3,10]":-0.613756613756614,"startup[g150,3,15]":-0.671957671957672,"startup[g150,2,7]":0.216931216931217,"startup[g150,3,16]":-0.677248677248677,"startup[g150,3,11]":-0.634920634920635,"startup[g150,1,16]":0.0052910052910053,"startup[g150,3,9]":-0.582010582010582,"startup[g150,1,2]":-0.216931216931217,"startup[g150,2,13]":0.0211640211640212,"startup[g150,1,5]":0.465608465608466,"startup[g150,2,8]":0.148148148148148,"is_on[g150,5]":-0.216931216931217,"startup[g150,1,13]":0.0211640211640212,"startup[g150,1,14]":0.0158730158730159,"is_on[g150,2]":-0.365079365079365,"startup[g150,1,15]":0.0105820105820106,"switch_off[g150,6]":-0.465608465608466,"switch_on[g150,11]":0.0211640211640211,"is_on[g150,6]":-0.148148148148148,"startup[g150,1,8]":0.148148148148148,"startup[g150,2,15]":0.0105820105820106,"switch_off[g150,4]":-1.0,"startup[g150,3,14]":-0.666666666666667,"switch_off[g150,13]":-0.0317460317460318,"startup[g150,1,17]":0.0052910052910053,"switch_on[g150,14]":0.0052910052910053,"rhs":0.0,"startup[g150,3,7]":-0.465608465608466,"startup[g150,2,6]":0.317460317460317,"startup[g150,3,2]":-0.216931216931217,"startup[g150,1,6]":0.317460317460317,"is_on[g150,10]":-0.0317460317460318,"switch_on[g150,9]":0.0476190476190476,"switch_off[g150,15]":-0.0158730158730159,"is_on[g150,16]":-0.0052910052910053,"switch_on[g150,7]":0.1005291005291,"startup[g150,1,18]":0.0052910052910053,"switch_off[g150,8]":-0.216931216931217,"switch_off[g150,18]":0.677248677248677,"switch_off[g150,14]":-0.0211640211640212,"startup[g150,2,11]":0.0476190476190476,"is_on[g150,1]":-0.216931216931217,"switch_on[g150,6]":0.148148148148148,"is_on[g150,3]":-0.465608465608466,"switch_on[g150,5]":0.216931216931217,"is_on[g150,14]":-0.0052910052910053,"switch_on[g150,16]":0.0052910052910053,"switch_off[g150,10]":-0.100529100529101,"startup[g150,1,11]":0.0476190476190476,"switch_on[g150,12]":0.0158730158730159,"startup[g150,1,9]":0.100529100529101,"startup[g150,2,3]":-0.582010582010582,"startup[g150,3,18]":-0.677248677248677,"startup[g150,2,18]":0.0052910052910053,"switch_on[g150,4]":0.317460317460318,"switch_on[g150,13]":0.0105820105820106,"startup[g150,1,7]":0.216931216931217,"startup[g150,2,9]":0.100529100529101,"startup[g150,2,5]":0.465608465608466,"is_on[g150,8]":-0.0687830687830688,"is_on[g150,15]":-0.0052910052910053,"switch_off[g150,3]":-0.783068783068783,"startup[g150,2,17]":0.0052910052910053,"switch_off[g150,9]":-0.148148148148148,"is_on[g150,11]":-0.0211640211640211,"startup[g150,2,10]":0.0687830687830688,"startup[g150,2,12]":0.0317460317460317,"is_on[g150,18]":0.677248677248677,"switch_on[g150,8]":0.0687830687830688,"is_on[g150,13]":-0.0105820105820106,"is_on[g150,7]":-0.1005291005291,"startup[g150,1,3]":-0.582010582010582,"switch_off[g150,7]":-0.317460317460317,"startup[g150,3,5]":-0.216931216931217,"startup[g150,3,3]":-0.582010582010582,"is_on[g150,4]":-0.317460317460318,"startup[g150,2,16]":0.0052910052910053,"switch_off[g150,5]":-0.682539682539683,"is_on[g150,12]":-0.0158730158730159,"switch_on[g150,10]":0.0317460317460318,"switch_off[g150,12]":-0.0476190476190477,"switch_off[g150,16]":-0.0105820105820106,"startup[g150,3,8]":-0.534391534391534,"startup[g150,1,10]":0.0687830687830688,"startup[g150,2,14]":0.0158730158730159,"switch_off[g150,2]":-0.465608465608466,"startup[g150,3,17]":-0.677248677248677},"f37":{"prod_above[g34,19]":0.0325839035516455,