{"r206":{"switch_off[g40,30]":-0.270697451789842,"startup[g40,1,29]":0.0815014718903442,"is_on[g40,28]":-0.857694508009153,"segprod[g40,1,28]":0.0143020594965675,"segprod[g40,4,33]":0.0143020594965675,"switch_on[g40,33]":0.163002943780688,"switch_off[g40,23]":0.25,"segprod[g40,2,22]":0.0125628140703518,"prod_above[g40,22]":0.0166002656042497,"startup[g40,3,32]":-0.107694508009153,"segprod[g40,1,33]":0.0143020594965675,"startup[g40,2,33]":0.107694508009153,"startup[g40,2,32]":0.0815014718903442,"startup[g40,3,33]":-0.0815014718903442,"switch_off[g40,33]":-0.0815014718903442,"segprod[g40,3,33]":0.0143020594965675,"segprod[g40,2,33]":0.0143020594965675,"is_on[g40,33]":-1.0,"segprod[g40,4,28]":-0.010823568644136,"startup[g40,1,32]":0.0815014718903442,"rhs":0.0,"startup[g40,2,30]":-0.107694508009153,"segprod[g40,1,22]":0.0125628140703518,"startup[g40,1,34]":0.0815014718903442,"startup[g40,3,29]":-0.107694508009153,"startup[g40,2,29]":-0.107694508009153,"startup[g40,3,31]":-0.107694508009153,"prod_above[g40,33]":0.010823568644136,"startup[g40,3,30]":-0.107694508009153,"startup[g40,1,30]":0.0815014718903442,"segprod[g40,2,28]":0.0143020594965675,"prod_above[g40,28]":0.010823568644136,"segprod[g40,3,28]":0.0143020594965675,"switch_off[g40,35]":0.107694508009153,"startup[g40,2,34]":0.0815014718903442,"startup[g40,1,31]":0.0815014718903442,"switch_off[g40,29]":-0.0815014718903441,"startup[g40,2,31]":0.0815014718903442,"startup[g40,3,34]":-0.107694508009153,"switch_off[g40,34]":-0.0815014718903442,"switch_off[g40,28]":-0.189195979899498,"is_on[g40,35]":0.107694508009153,"segprod[g40,3,22]":0.0125628140703518,"switch_off[g40,31]":-0.270697451789842,"switch_off[g40,32]":-0.0815014718903442,"startup[g40,1,33]":-0.0815014718903442,"is_on[g40,22]":-0.97149459114964,"switch_on[g40,35]":-0.107694508009153,"segprod[g40,4,22]":0.0125628140703518},"r201":{"switch_off[g266,20]":-0.00260598455134521,"switch_on[g266,21]":0.00502884586394724,"segprod[g266,3,21]":0.00356603986232295,"segprod[g266,1,21]":0.00356603986232295,"prod_above[g266,18]":0.000919947290096357,"switch_off[g266,19]":-0.00260598455134521,"prod_above[g266,21]":2.81728059604888e-5,"segprod[g266,2,21]":0.00356603986232295,"is_on[g266,21]":-1.0,"rhs":0.0,"overflow[l2468,18]":-0.000919947290096358,"switch_off[g266,22]":0.00502884586394724,"switch_on[g266,18]":0.00128714507231983,"switch_off[g266,21]":-0.00260598455134521,"segprod[g266,4,21]":-2.81728059604888e-5,"is_on[g266,18]":-0.0337010691758783},"f89":{"prod_above[g172,9]":0.0409845471863288,"segprod[g172,4,9]":-0.0409845471863288,"overflow[l2374,9]":-0.0409845471863288,"segprod[g172,3,9]":-0.0409845471863288,"segprod[g172,2,9]":-0.0409845471863288,"rhs":0.0,"is_on[g172,9]":-1.0},"f142":{"overflow[l2374,21]":-0.0413632328841009,"is_on[g172,21]":-1.0,"segprod[g172,2,21]":-0.0413632328841008,"rhs":0.0,"segprod[g172,3,21]":-0.0413632328841008,"prod_above[g172,21]":0.0413632328841008,"segprod[g172,4,21]":-0.0413632328841008},"f35":{"prod_above[g266,8]":0.025373150233915,"is_on[g266,8]":-1.0,"rhs":0.0,"overflow[l2468,8]":-0.025373150233915},"f33":{"segprod[g45,2,8]":0.5,"segprod[g45,3,8]":1.0,"is_on[g45,8]":-0.78,"rhs":0.0,"switch_off[g45,9]":0.05},"f52":{"prod_above[g173,31]":0.120892233036701,"rhs":0.0,"overflow[l2375,31]":-0.120892233036701,"is_on[g173,31]":-1.0},"f64":{"prod_above[g266,17]":0.0256115132972415,"is_on[g266,17]":-1.0,"overflow[l2468,17]":-0.0256115132972416,"rhs":0.0},"f80":{"segprod[g172,3,7]":-0.0399305687270974,"is_on[g172,7]":-1.0,"segprod[g172,2,7]":-0.0399305687270974,"segprod[g172,4,7]":-0.0399305687270974,"overflow[l2374,7]":-0.0399305687270974,"rhs":0.0,"prod_above[g172,7]":0.0399305687270974},"f62":{"prod_above[g266,15]":0.0257078660928671,"overflow[l2468,15]":-0.0257078660928671,"rhs":0.0,"is_on[g266,15]":-1.0},"f170":{"is_on[g40,32]":-1.0,"segprod[g40,1,32]":0.033500837520938,"switch_on[g40,32]":0.171189279731993,"rhs":0.0,"segprod[g40,3,32]":0.033500837520938,"segprod[g40,2,32]":0.033500837520938},"file name":"2017-01-20.1.final.mps.gz","f31":{"is_on[g172,7]":-1.0,"overflow[l2374,7]":-0.039930568727097,"rhs":0.0,"prod_above[g172,7]":0.039930568727097},"f131":{"segprod[g172,3,19]":-0.0405620768107823,"is_on[g172,19]":-1.0,"prod_above[g172,19]":0.0405620768107823,"segprod[g172,4,19]":-0.0405620768107823,"rhs":0.0,"overflow[l2374,19]":-0.0405620768107823,"segprod[g172,2,19]":-0.0405620768107823},"f169":{"is_on[g40,32]":-1.0,"prod_above[g40,32]":0.033500837520938,"switch_on[g40,32]":0.171189279731994,"rhs":0.0,"segprod[g40,4,32]":-0.033500837520938},"r199":{"startup[g152,1,36]":-0.75,"switch_off[g152,25]":-1.0,"startup[g152,2,36]":-0.75,"startup[g152,3,32]":-0.75,"startup[g152,3,34]":-0.75,"startup[g152,3,35]":-0.75,"switch_off[g152,31]":-0.75,"is_on[g152,30]":-0.25,"is_on[g152,32]":-0.5,"switch_off[g152,28]":-1.0,"startup[g152,1,33]":0.25,"switch_off[g152,35]":0.75,"switch_off[g152,33]":-0.25,"startup[g152,2,33]":0.25,"startup[g152,2,34]":0.25,"switch_on[g152,31]":-0.25,"startup[g152,3,25]":-0.25,"startup[g152,1,25]":-0.25,"switch_off[g152,30]":-1.0,"startup[g152,1,35]":0.25,"startup[g152,2,35]":0.25,"switch_on[g152,27]":0.75,"is_on[g152,26]":-0.25,"switch_on[g152,25]":0.25,"startup[g152,1,34]":0.25,"startup[g152,2,32]":0.25,"switch_on[g152,26]":1.0,"switch_off[g152,34]":-0.25,"is_on[g152,27]":-0.75,"switch_off[g152,36]":0.75,"rhs":0.0,"startup[g152,3,36]":-0.75,"startup[g152,2,25]":-0.25,"switch_on[g152,32]":0.5,"switch_off[g152,26]":-1.0,"switch_off[g152,32]":-0.75,"is_on[g152,36]":0.75,"switch_off[g152,29]":-1.0,"switch_off[g152,27]":-0.75,"startup[g152,1,32]":0.25,"startup[g152,3,33]":-0.75},"r205":{"startup[g40,1,31]":0.0711527459954234,"switch_off[g40,29]":0.0572392138035713,"startup[g40,2,31]":0.0711527459954234,"switch_off[g40,33]":-0.0711527459954234,"startup[g40,3,33]":-0.0711527459954234,"startup[g40,3,34]":-0.178847254004577,"switch_off[g40,34]":-0.0711527459954235,"switch_off[g40,28]":-0.25,"segprod[g40,3,33]":0.00715102974828376,"startup[g40,2,29]":-0.178847254004577,"segprod[g40,2,33]":0.00715102974828376,"switch_off[g40,30]":-0.321152745995423,"startup[g40,1,29]":0.0711527459954232,"startup[g40,3,31]":-0.178847254004577,"is_on[g40,28]":-0.928847254004577,"segprod[g40,1,28]":0.00715102974828376,"prod_above[g40,33]":0.0179745983924198,"is_on[g40,33]":-1.0,"segprod[g40,4,33]":0.00715102974828376,"switch_on[g40,33]":0.270697451789842,"is_on[g40,35]":0.178847254004577,"segprod[g40,4,28]":-0.0179745983924198,"startup[g40,1,30]":0.0711527459954234,"startup[g40,3,30]":-0.178847254004577,"segprod[g40,2,28]":0.00715102974828376,"prod_above[g40,28]":0.0179745983924198,"startup[g40,1,32]":0.0711527459954233,"switch_off[g40,31]":-0.321152745995423,"switch_off[g40,32]":-0.0711527459954235,"rhs":0.0,"startup[g40,1,33]":-0.0711527459954234,"segprod[g40,3,28]":0.00715102974828376,"startup[g40,2,30]":-0.178847254004577,"startup[g40,3,32]":-0.178847254004577,"segprod[g40,1,33]":0.00715102974828376,"switch_off[g40,35]":0.178847254004577,"startup[g40,1,34]":0.0711527459954234,"startup[g40,2,33]":0.178847254004577,"startup[g40,2,32]":0.0711527459954234,"switch_on[g40,35]":-0.178847254004577,"startup[g40,3,29]":-0.178847254004577,"startup[g40,2,34]":0.0711527459954235},"f59":{"is_on[g266,12]":-1.0,"overflow[l2468,12]":-0.025594830253806,"prod_above[g266,12]":0.025594830253806,"rhs":0.0},"f60":{"is_on[g266,13]":-1.0,"prod_above[g266,13]":0.0256622134172316,"rhs":0.0,"overflow[l2468,13]":-0.0256622134172316},"r200":{"is_on[g186,23]":0.0529413456284807,"is_on[g186,22]":-1.0,"switch_on[g186,23]":-0.0529413456284807,"segprod[g186,1,22]":0.00539667131788795,"segprod[g186,4,22]":-0.000319520463688096,"switch_off[g186,23]":0.109017187005742,"segprod[g186,3,22]":-0.000319520463688096,"rhs":0.0,"prod_above[g186,22]":0.000319520463688096,"segprod[g186,2,22]":0.00539667131788795},"f11":{"is_on[g45,9]":-0.05,"segprod[g45,2,8]":0.5,"segprod[g45,3,8]":1.0,"is_on[g45,8]":-0.68,"rhs":0.0},"f42":{"is_on[g172,19]":-1.0,