{"i8":{"is_on[g174,22]":1.0,"rhs":0.0,"overflow[l2376,21]":-0.0562960360835073,"switch_on[g174,22]":-1.0},"file name":"2017-01-17.1.final.mps.gz","i5":{"switch_on[g174,18]":-1.0,"overflow[l2376,17]":-0.0565294320487963,"is_on[g174,18]":1.0,"rhs":0.0},"i3":{"switch_on[g174,16]":-1.0,"is_on[g174,16]":1.0,"overflow[l2376,15]":-0.0558081805863432,"rhs":0.0},"i2":{"overflow[l2376,14]":-0.0555099756977327,"rhs":0.0,"switch_on[g174,15]":-1.0,"is_on[g174,15]":1.0},"i6":{"switch_on[g174,19]":-1.0,"rhs":0.0,"is_on[g174,19]":1.0,"overflow[l2376,18]":-0.0636318515596165},"i4":{"switch_on[g174,17]":-1.0,"overflow[l2376,16]":-0.0555011644144293,"rhs":0.0,"is_on[g174,17]":1.0},"i0":{"is_on[g174,9]":1.0,"overflow[l2376,8]":-0.0602635445329518,"rhs":0.0,"switch_on[g174,9]":-1.0},"i9":{"segprod[g67,1,21]":0.164473684210526,"switch_off[g67,22]":1.0,"rhs":0.0},"i10":{"segprod[g67,1,21]":0.0439367311072056,"switch_off[g67,22]":0.26713532513181,"rhs":0.0,"is_on[g67,21]":-1.0},"i7":{"is_on[g174,20]":1.0,"rhs":0.0,"switch_on[g174,20]":-1.0,"overflow[l2376,19]":-0.0601513528340009},"i11":{"is_on[g67,22]":-1.0,"segprod[g67,1,22]":0.0439367311072056,"switch_off[g67,23]":0.26713532513181,"rhs":0.0},"i1":{"switch_on[g174,14]":-1.0,"overflow[l2376,13]":-0.0570114051315966,"rhs":0.0,"is_on[g174,14]":1.0}}