{"i439":{"is_on[g172,4]":-1.0,"switch_off[g172,3]":-1.0,"prod_above[g172,32]":0.00172037091196862,"switch_off[g172,2]":-1.0,"switch_off[g172,4]":-1.0,"switch_off[g172,1]":-1.0,"rhs":0.0},"i372":{"switch_off[g145,3]":-1.0,"is_on[g145,4]":-1.0,"switch_off[g145,2]":-1.0,"segprod[g145,1,19]":0.00736322803917237,"switch_off[g145,4]":-1.0,"rhs":0.0,"switch_off[g145,1]":-1.0},"i452":{"switch_off[g109,2]":-1.0,"segprod[g109,3,32]":0.00675675675675676,"switch_off[g109,3]":-1.0,"rhs":0.0,"switch_off[g109,4]":-1.0,"switch_off[g109,1]":-1.0,"is_on[g109,4]":-1.0},"i265":{"is_on[g148,4]":-1.0,"switch_off[g148,2]":-1.0,"segprod[g148,1,19]":0.00699888017917133,"switch_off[g148,3]":-1.0,"switch_off[g148,4]":-1.0,"rhs":0.0,"switch_off[g148,1]":-1.0},"i625":{"prod_above[g179,30]":-0.0086229197206174,"prod_above[g179,31]":0.0086229197206174,"is_on[g179,35]":-1.0,"switch_off[g179,33]":-1.0,"reserve[g179,31]":0.0086229197206174,"rhs":0.0,"switch_off[g179,32]":-1.0,"switch_off[g179,34]":-1.0,"switch_off[g179,35]":-1.0},"file name":"2017-02-16.1.final.mps.gz","i267":{"is_on[g148,4]":-1.0,"switch_off[g148,2]":-1.0,"switch_off[g148,3]":-1.0,"switch_off[g148,4]":-1.0,"segprod[g148,3,19]":0.00699888017917133,"rhs":0.0,"switch_off[g148,1]":-1.0},"i441":{"is_on[g172,4]":-1.0,"switch_off[g172,3]":-1.0,"switch_off[g172,2]":-1.0,"switch_off[g172,4]":-1.0,"switch_off[g172,1]":-1.0,"rhs":0.0,"segprod[g172,2,19]":0.00688136526286816},"i458":{"switch_off[g109,2]":-1.0,"switch_off[g109,3]":-1.0,"rhs":0.0,"segprod[g109,2,33]":0.00675721332522468,"switch_off[g109,4]":-1.0,"switch_off[g109,1]":-1.0,"is_on[g109,4]":-1.0},"i459":{"switch_off[g109,2]":-1.0,"switch_off[g109,3]":-1.0,"segprod[g109,3,33]":0.00675675675675676,"rhs":0.0,"switch_off[g109,4]":-1.0,"switch_off[g109,1]":-1.0,"is_on[g109,4]":-1.0},"i445":{"switch_off[g109,2]":-1.0,"switch_off[g109,3]":-1.0,"segprod[g109,3,31]":0.00675675675675676,"rhs":0.0,"switch_off[g109,4]":-1.0,"switch_off[g109,1]":-1.0,"is_on[g109,4]":-1.0},"i438":{"switch_off[g109,2]":-1.0,"prod_above[g109,32]":0.00168921772327235,"switch_off[g109,3]":-1.0,"rhs":0.0,"switch_off[g109,4]":-1.0,"switch_off[g109,1]":-1.0,"is_on[g109,4]":-1.0},"i373":{"switch_off[g145,3]":-1.0,"is_on[g145,4]":-1.0,"switch_off[g145,2]":-1.0,"switch_off[g145,4]":-1.0,"segprod[g145,2,19]":0.00736322803917237,"rhs":0.0,"switch_off[g145,1]":-1.0},"i456":{"is_on[g172,4]":-1.0,"segprod[g172,3,32]":0.00688136526286815,"switch_off[g172,3]":-1.0,"switch_off[g172,2]":-1.0,"switch_off[g172,4]":-1.0,"switch_off[g172,1]":-1.0,"rhs":0.0},"i436":{"switch_off[g109,2]":-1.0,"prod_above[g109,31]":0.00168921772327235,"switch_off[g109,3]":-1.0,"rhs":0.0,"switch_off[g109,4]":-1.0,"switch_off[g109,1]":-1.0,"is_on[g109,4]":-1.0},"i446":{"switch_off[g109,2]":-1.0,"segprod[g109,4,31]":0.00675675675675676,"switch_off[g109,3]":-1.0,"rhs":0.0,"switch_off[g109,4]":-1.0,"switch_off[g109,1]":-1.0,"is_on[g109,4]":-1.0},"i435":{"is_on[g172,4]":-1.0,"switch_off[g172,3]":-1.0,"prod_above[g172,19]":0.00172037091196862,"switch_off[g172,2]":-1.0,"switch_off[g172,4]":-1.0,"switch_off[g172,1]":-1.0,"rhs":0.0},"i447":{"is_on[g172,4]":-1.0,"switch_off[g172,3]":-1.0,"segprod[g172,1,31]":0.00688136526286815,"switch_off[g172,2]":-1.0,"switch_off[g172,4]":-1.0,"switch_off[g172,1]":-1.0,"rhs":0.0},"i461":{"is_on[g172,4]":-1.0,"reserve[g172,31]":0.00152942615930503,"switch_off[g172,3]":-1.0,"prod_above[g172,30]":-0.00152942615930503,"switch_off[g172,2]":-1.0,"switch_off[g172,4]":-1.0,"switch_off[g172,1]":-1.0,"prod_above[g172,31]":0.00152942615930503,"rhs":0.0},"i454":{"is_on[g172,4]":-1.0,"segprod[g172,1,32]":0.00688136526286815,"switch_off[g172,3]":-1.0,"switch_off[g172,2]":-1.0,"switch_off[g172,4]":-1.0,"switch_off[g172,1]":-1.0,"rhs":0.0},"i457":{"switch_off[g109,2]":-1.0,"switch_off[g109,3]":-1.0,"segprod[g109,1,33]":0.00675675675675676,"rhs":0.0,"switch_off[g109,4]":-1.0,"switch_off[g109,1]":-1.0,"is_on[g109,4]":-1.0},"i268":{"is_on[g148,4]":-1.0,"switch_off[g148,2]":-1.0,"switch_off[g148,3]":-1.0,"switch_off[g148,4]":-1.0,"segprod[g148,1,21]":0.00699888017917133,"rhs":0.0,"switch_off[g148,1]":-1.0},"i523":{"is_on[g45,27]":-1.0,"reserve[g45,27]":0.684931506849315,"prod_above[g45,28]":-0.684931506849315,"prod_above[g45,27]":0.684931506849315,"rhs":0.0},"i455":{"is_on[g172,4]":-1.0,"switch_off[g172,3]":-1.0,"switch_off[g172,2]":-1.0,"switch_off[g172,4]":-1.0,"switch_off[g172,1]":-1.0,"rhs":0.0,"segprod[g172,2,32]":0.00688136526286816},"i522":{"is_on[g45,27]":-1.0,"reserve[g45,27]":0.684931506849315,"prod_above[g45,26]":-0.684931506849315,"prod_above[g45,27]":0.684931506849315,"rhs":0.0},"i626":{"prod_above[g250,14]":-0.00804699444757383,"reserve[g250,15]":0.00804699444757383,"is_on[g250,15]":-1.0,"prod_above[g250,15]":0.00804699444757383,"rhs":0.0},"i266":{"is_on[g148,4]":-1.0,"switch_off[g148,2]":-1.0,"switch_off[g148,3]":-1.0,"switch_off[g148,4]":-1.0,"rhs":0.0,"segprod[g148,2,19]":0.00699888017917133,"switch_off[g148,1]":-1.0},"i448":{"is_on[g172,4]":-1.0,"switch_off[g172,3]":-1.0,"segprod[g172,2,31]":0.00688136526286816,"switch_off[g172,2]":-1.0,"switch_off[g172,4]":-1.0,"switch_off[g172,1]":-1.0,"rhs":0.0},"i453":{"switch_off[g109,2]":-1.0,"switch_off[g109,3]":-1.0,"segprod[g109,4,32]":0.00675675675675676,"rhs":0.0,"switch_off[g109,4]":-1.0,"switch_off[g109,1]":-1.0,"is_on[g109,4]":-1.0},"i442":{"is_on[g172,4]":-1.0,"segprod[g172,3,19]":0.00688136526286815,"switch_off[g172,3]":-1.0,"switch_off[g172,2]":-1.0,"switch_off[g172,4]":-1.0,"switch_off[g172,1]":-1.0,"rhs":0.0},"i450":{"switch_off[g109,2]":-1.0,"segprod[g109,1,32]":0.00675675675675676,"switch_off[g109,3]":-1.0,"rhs":0.0,"switch_off[g109,4]":-1.0,"switch_off[g109,1]":-1.0,"is_on[g109,4]":-1.0},"i451":{"switch_off[g109,2]":-1.0,"segprod[g109,2,32]":0.00675721332522468,"switch_off[g109,3]":-1.0,"rhs":0.0,"switch_off[g109,4]":-1.0,"switch_off[g109,1]":-1.0,"is_on[g109,4]":-1.0},"i443":{"switch_off[g109,2]":-1.0,"segprod[g109,1,31]":0.00675675675675676,"switch_off[g109,3]":-1.0,"rhs":0.0,"switch_off[g109,4]":-1.0,"switch_off[g109,1]":-1.0,"is_on[g109,4]":-1.0},"i440":{"is_on[g172,4]":-1.0,"segprod[g172,1,19]":0.00688136526286815,"switch_off[g172,3]":-1.0,"switch_off[g172,2]":-1.0,"switch_off[g172,4]":-1.0,"switch_off[g172,1]":-1.0,"rhs":0.0},"i444":{"switch_off[g109,2]":-1.0,"segprod[g109,2,31]":0.00675721332522468,"switch_off[g109,3]":-1.0,"rhs":0.0,"switch_off[g109,4]":-1.0,"switch_off[g109,1]":-1.0,"is_on[g109,4]":-1.0},"i449":{"is_on[g172,4]":-1.0,"switch_off[g172,3]":-1.0,"switch_off[g172,2]":-1.0,"switch_off[g172,4]":-1.0,"switch_off[g172,1]":-1.0,"rhs":0.0,"segprod[g172,3,31]":0.00688136526286815},"i437":{"is_on[g172,4]":-1.0,"switch_off[g172,3]":-1.0,"switch_off[g172,2]":-1.0,"switch_off[g172,4]":-1.0,"switch_off[g172,1]":-1.0,"prod_above[g172,31]":0.00172037091196862,"rhs":0.0}}