{"i326":{"prod_above[g45,19]":0.684931506849315,"is_on[g45,19]":-1.0,"rhs":0.0,"prod_above[g45,18]":-0.684931506849315,"reserve[g45,19]":0.684931506849315},"i0":{"switch_off[g184,36]":0.0258001939864151,"is_on[g184,35]":-1.0,"rhs":0.0,"overflow[l2386,35]":-0.00969932104752671,"prod_above[g184,35]":0.00969932104752673},"i328":{"prod_above[g45,19]":0.684931506849315,"is_on[g45,19]":-1.0,"rhs":0.0,"reserve[g45,19]":0.684931506849315,"prod_above[g45,20]":-0.684931506849315},"i327":{"is_on[g45,18]":-1.0,"reserve[g45,18]":0.684931506849315,"prod_above[g45,19]":-0.684931506849315,"rhs":0.0,"prod_above[g45,18]":0.684931506849315},"file name":"2017-02-09.1.final.mps.gz","i325":{"is_on[g45,18]":-1.0,"reserve[g45,18]":0.684931506849315,"prod_above[g45,17]":-0.684931506849315,"rhs":0.0,"prod_above[g45,18]":0.684931506849315}}