{"i8":{"is_on[g169,23]":1.0,"switch_on[g169,23]":-1.0,"rhs":0.0,"overflow[l2371,22]":-0.0299950448185963},"i21":{"is_on[g169,36]":1.0,"switch_on[g169,36]":-1.0,"rhs":0.0,"overflow[l2371,35]":-0.0304985630602018},"i12":{"is_on[g169,27]":1.0,"switch_on[g169,27]":-1.0,"overflow[l2371,26]":-0.0275638060764964,"rhs":0.0},"file name":"2017-02-20.1.final.mps.gz","i19":{"overflow[l2371,33]":-0.0312866738480015,"rhs":0.0,"switch_on[g169,34]":-1.0,"is_on[g169,34]":1.0},"i5":{"switch_on[g169,20]":-1.0,"overflow[l2371,19]":-0.0317295021863216,"rhs":0.0,"is_on[g169,20]":1.0},"i3":{"switch_on[g169,5]":-1.0,"is_on[g169,5]":1.0,"rhs":0.0,"overflow[l2371,4]":-0.0261549776584183},"i2":{"overflow[l2371,3]":-0.0261586380138899,"rhs":0.0,"is_on[g169,4]":1.0,"switch_on[g169,4]":-1.0},"i13":{"switch_on[g169,28]":-1.0,"overflow[l2371,27]":-0.0275363907171525,"rhs":0.0,"is_on[g169,28]":1.0},"i6":{"switch_on[g169,21]":-1.0,"overflow[l2371,20]":-0.0313621392491531,"rhs":0.0,"is_on[g169,21]":1.0},"i4":{"overflow[l2371,5]":-0.0264909293733281,"is_on[g169,6]":1.0,"rhs":0.0,"switch_on[g169,6]":-1.0},"i0":{"is_on[g169,2]":1.0,"overflow[l2371,1]":-0.0265238199817731,"rhs":0.0,"switch_on[g169,2]":-1.0},"i9":{"is_on[g169,24]":1.0,"rhs":0.0,"switch_on[g169,24]":-1.0,"overflow[l2371,23]":-0.0289189350197317},"i22":{"is_on[g169,36]":1.0,"overflow[l2371,36]":-0.0301784755041317,"rhs":0.0},"i14":{"is_on[g169,29]":1.0,"switch_on[g169,29]":-1.0,"overflow[l2371,28]":-0.0275805842615812,"rhs":0.0},"i16":{"overflow[l2371,30]":-0.0298067035276237,"is_on[g169,31]":1.0,"switch_on[g169,31]":-1.0,"rhs":0.0},"i10":{"rhs":0.0,"is_on[g169,25]":1.0,"switch_on[g169,25]":-1.0,"overflow[l2371,24]":-0.0279376978163619},"i15":{"overflow[l2371,29]":-0.0279350911396318,"is_on[g169,30]":1.0,"switch_on[g169,30]":-1.0,"rhs":0.0},"i17":{"is_on[g169,32]":1.0,"switch_on[g169,32]":-1.0,"overflow[l2371,31]":-0.0334396155781796,"rhs":0.0},"i7":{"overflow[l2371,21]":-0.0307798190269763,"is_on[g169,22]":1.0,"switch_on[g169,22]":-1.0,"rhs":0.0},"i20":{"is_on[g169,35]":1.0,"overflow[l2371,34]":-0.0308096245569964,"rhs":0.0,"switch_on[g169,35]":-1.0},"i11":{"overflow[l2371,25]":-0.0278347229818784,"is_on[g169,26]":1.0,"switch_on[g169,26]":-1.0,"rhs":0.0},"i1":{"is_on[g169,3]":1.0,"switch_on[g169,3]":-1.0,"rhs":0.0,"overflow[l2371,2]":-0.0262832466643277},"i18":{"is_on[g169,33]":1.0,"overflow[l2371,32]":-0.0323374791059467,"rhs":0.0,"switch_on[g169,33]":-1.0}}