{"i335":{"prod_above[g45,31]":0.684931506849315,"is_on[g45,31]":-1.0,"reserve[g45,31]":0.684931506849315,"rhs":0.0,"prod_above[g45,30]":-0.684931506849315},"file name":"2017-02-08.1.final.mps.gz","i336":{"prod_above[g45,31]":0.684931506849315,"is_on[g45,31]":-1.0,"reserve[g45,31]":0.684931506849315,"rhs":0.0,"prod_above[g45,32]":-0.684931506849315}}