{"f51":{"is_on[g128,19]":-1.0,"segprod[g128,4,19]":-0.0345661942620118,"switch_off[g128,20]":0.170411337711718,"switch_on[g128,19]":0.170411337711718,"prod_above[g128,19]":0.0345661942620118,"rhs":0.0},"r100":{"startup[g136,3,21]":-0.0703410228317241,"is_on[g136,20]":0.0508575086365801,"startup[g136,1,21]":-0.0703410228317241,"switch_off[g136,21]":-0.0508575086365801,"segprod[g136,1,21]":0.00114698936934101,"startup[g136,2,21]":-0.0703410228317241,"is_on[g136,21]":-1.0,"rhs":0.0,"switch_off[g136,22]":0.437561139319941,"prod_above[g136,21]":0.00158640105619586,"segprod[g136,4,21]":-0.00158640105619586,"segprod[g136,3,21]":0.00114698936934101,"segprod[g136,2,21]":0.00114698936934101},"r102":{"segprod[g45,4,35]":-0.480769230769231,"prod_above[g45,35]":-0.204162276080084,"reserve[g45,34]":0.684931506849315,"segprod[g45,2,35]":-0.480769230769231,"prod_above[g45,34]":0.684931506849315,"rhs":0.0,"is_on[g45,34]":-1.0,"segprod[g45,3,35]":-0.961538461538462},"file name":"2017-01-11.1.final.mps.gz"}