{"i0":{"switch_off[g233,23]":0.0192251972798371,"prod_above[g233,22]":0.00170436146097865,"overflow[l2435,22]":-0.00170436146097865,"rhs":0.0,"is_on[g233,22]":-1.0},"i1":{"is_on[g104,34]":-1.0,"switch_off[g104,35]":0.422222222222225,"overflow[l2306,34]":-0.00105618926911702,"rhs":0.0,"prod_above[g104,34]":0.00105618926911702},"file name":"2017-01-30.1.final.mps.gz","i2":{"is_on[g104,35]":-1.0,"switch_off[g104,36]":0.422222222222225,"prod_above[g104,35]":0.00105618926911702,"rhs":0.0,"overflow[l2306,35]":-0.00105618926911702}}