{"i604":{"switch_off[g267,32]":-1.0,"is_on[g267,33]":-1.0,"switch_off[g267,33]":-1.0,"prod_above[g267,31]":0.00322788896061975,"rhs":0.0,"reserve[g267,31]":0.00322788896061975,"prod_above[g267,30]":-0.00322788896061975},"i413":{"segprod[g237,1,32]":0.00985610092647349,"switch_off[g237,2]":-1.0,"switch_off[g237,3]":-1.0,"switch_off[g237,4]":-1.0,"switch_off[g237,1]":-1.0,"is_on[g237,4]":-1.0,"rhs":0.0},"i415":{"segprod[g237,3,32]":0.00985610092647349,"switch_off[g237,2]":-1.0,"switch_off[g237,3]":-1.0,"switch_off[g237,4]":-1.0,"switch_off[g237,1]":-1.0,"is_on[g237,4]":-1.0,"rhs":0.0},"i416":{"segprod[g237,4,32]":0.00985610092647348,"switch_off[g237,2]":-1.0,"switch_off[g237,3]":-1.0,"switch_off[g237,4]":-1.0,"switch_off[g237,1]":-1.0,"is_on[g237,4]":-1.0,"rhs":0.0},"i410":{"switch_off[g237,2]":-1.0,"switch_off[g237,3]":-1.0,"switch_off[g237,4]":-1.0,"switch_off[g237,1]":-1.0,"is_on[g237,4]":-1.0,"rhs":0.0,"segprod[g237,1,31]":0.00985610092647349},"i414":{"switch_off[g237,2]":-1.0,"switch_off[g237,3]":-1.0,"switch_off[g237,4]":-1.0,"switch_off[g237,1]":-1.0,"is_on[g237,4]":-1.0,"segprod[g237,2,32]":0.0098570724494825,"rhs":0.0},"file name":"2017-01-19.1.final.mps.gz","i409":{"switch_off[g237,2]":-1.0,"switch_off[g237,3]":-1.0,"switch_off[g237,4]":-1.0,"switch_off[g237,1]":-1.0,"is_on[g237,4]":-1.0,"prod_above[g237,32]":0.00246408594731784,"rhs":0.0},"i411":{"switch_off[g237,2]":-1.0,"switch_off[g237,3]":-1.0,"switch_off[g237,4]":-1.0,"switch_off[g237,1]":-1.0,"is_on[g237,4]":-1.0,"segprod[g237,2,31]":0.0098570724494825,"rhs":0.0},"i463":{"prod_above[g250,30]":0.00801153661272232,"reserve[g250,30]":0.00801153661272232,"switch_off[g250,27]":-1.0,"prod_above[g250,29]":-0.00801153661272232,"is_on[g250,30]":-1.0,"switch_off[g250,29]":-1.0,"switch_off[g250,28]":-1.0,"switch_off[g250,30]":-1.0,"rhs":0.0}}