{"f107":{"prod_above[g173,14]":0.0510484848299218,"is_on[g173,14]":-1.0,"rhs":0.0,"overflow[l2375,14]":-0.0510484848299219},"f80":{"rhs":0.0,"is_on[g172,31]":-1.0,"prod_above[g172,31]":0.0405940039408657,"overflow[l2374,31]":-0.0405940039408657},"f84":{"overflow[l2375,32]":-0.0685441832377934,"prod_above[g173,32]":0.0685441832377933,"is_on[g173,32]":-1.0,"rhs":0.0},"f237":{"segprod[g172,2,23]":-0.0480288941827402,"is_on[g172,23]":-1.0,"segprod[g172,4,23]":-0.0480288941827402,"segprod[g172,3,23]":-0.0480288941827402,"rhs":0.0,"overflow[l2374,23]":-0.0480288941827402,"prod_above[g172,23]":0.0480288941827402},"f111":{"prod_above[g173,22]":0.0494890013169023,"rhs":0.0,"is_on[g173,22]":-1.0,"overflow[l2375,22]":-0.0494890013169024},"f72":{"overflow[l2374,26]":-0.0539502945146575,"rhs":0.0,"prod_above[g172,26]":0.0539502945146575,"is_on[g172,26]":-1.0},"f206":{"segprod[g129,4,19]":-0.0345661942620118,"prod_above[g129,19]":0.0345661942620118,"switch_on[g129,19]":0.170411337711718,"rhs":0.0,"is_on[g129,19]":-1.0,"switch_off[g129,20]":0.170411337711718},"f243":{"segprod[g172,2,24]":-0.0513543687675052,"overflow[l2374,24]":-0.0513543687675052,"prod_above[g172,24]":0.0513543687675052,"segprod[g172,3,24]":-0.0513543687675052,"rhs":0.0,"is_on[g172,24]":-1.0,"segprod[g172,4,24]":-0.0513543687675052},"f36":{"is_on[g173,2]":-1.0,"prod_above[g173,2]":0.179750075495026,"overflow[l2375,2]":-0.179750075495026,"rhs":0.0},"f100":{"overflow[l2375,7]":-0.0502102302339898,"prod_above[g173,7]":0.0502102302339898,"is_on[g173,7]":-1.0,"rhs":0.0},"f57":{"is_on[g172,19]":-1.0,"prod_above[g172,19]":0.0408022539165061,"rhs":0.0,"overflow[l2374,19]":-0.0408022539165061},"f102":{"prod_above[g173,9]":0.0500790748592028,"overflow[l2375,9]":-0.0500790748592029,"rhs":0.0,"is_on[g173,9]":-1.0},"f55":{"prod_above[g173,18]":0.0790117213888661,"overflow[l2375,18]":-0.0790117213888662,"rhs":0.0,"is_on[g173,18]":-1.0},"f112":{"overflow[l2375,23]":-0.0537322414941864,"prod_above[g173,23]":0.0537322414941863,"rhs":0.0,"is_on[g173,23]":-1.0},"f116":{"is_on[g173,30]":-1.0,"rhs":0.0,"prod_above[g173,30]":0.052952078369076,"overflow[l2375,30]":-0.052952078369076},"f167":{"segprod[g172,3,12]":-0.0447903854750154,"segprod[g172,4,12]":-0.0447903854750154,"overflow[l2374,12]":-0.0447903854750154,"rhs":0.0,"segprod[g172,2,12]":-0.0447903854750154,"prod_above[g172,12]":0.0447903854750154,"is_on[g172,12]":-1.0},"f408":{"is_on[g76,32]":-1.0,"segprod[g76,4,32]":-0.0634517766497462,"switch_off[g76,33]":0.270939086294416,"rhs":0.0,"switch_on[g76,32]":0.270939086294416,"prod_above[g76,32]":0.0634517766497462},"f212":{"segprod[g172,3,19]":-0.0408022539165061,"is_on[g172,19]":-1.0,"prod_above[g172,19]":0.0408022539165061,"segprod[g172,4,19]":-0.0408022539165061,"rhs":0.0,"overflow[l2374,19]":-0.0408022539165061,"segprod[g172,2,19]":-0.0408022539165061},"f150":{"prod_above[g172,9]":0.0450888746808833,"segprod[g172,4,9]":-0.0450888746808833,"overflow[l2374,9]":-0.0450888746808834,"segprod[g172,3,9]":-0.0450888746808833,"segprod[g172,2,9]":-0.0450888746808833,"rhs":0.0,"is_on[g172,9]":-1.0},"f93":{"is_on[g172,35]":-1.0,"prod_above[g172,35]":0.0387860433852921,"overflow[l2374,35]":-0.0387860433852921,"rhs":0.0},"f35":{"segprod[g173,2,1]":0.164793242158719,"is_on[g173,1]":-1.0,"overflow[l2375,1]":-0.164793242158719,"segprod[g173,1,1]":0.164793242158719,"rhs":0.0,"segprod[g173,3,1]":0.164793242158719,"segprod[g173,4,1]":0.164793242158719},"f64":{"overflow[l2374,21]":-0.0427626374284258,"is_on[g172,21]":-1.0,"rhs":0.0,"prod_above[g172,21]":0.0427626374284258},"f114":{"is_on[g173,25]":-1.0,"overflow[l2375,25]":-0.0601835719311044,"prod_above[g173,25]":0.0601835719311043,"rhs":0.0},"f69":{"is_on[g172,23]":-1.0,"rhs":0.0,"overflow[l2374,23]":-0.0480288941827402,"prod_above[g172,23]":0.0480288941827402},"f233":{"segprod[g172,4,22]":-0.0446099771998404,"segprod[g172,2,22]":-0.0446099771998404,"segprod[g172,3,22]":-0.0446099771998404,"rhs":0.0,"is_on[g172,22]":-1.0,"overflow[l2374,22]":-0.0446099771998404,"prod_above[g172,22]":0.0446099771998404},"f406":{"is_on[g104,31]":-1.0,"prod_above[g104,31]":0.00139952136369362,"segprod[g104,4,31]":-0.00139952136369362,"switch_on[g104,31]":0.23300631184135,"rhs":0.0},"r449":{"switch_off[g45,30]":0.131643835616438,"switch_on[g45,30]":-0.131643835616438,"is_on[g45,31]":-0.908356164383562,"switch_on[g45,31]":0.31,"segprod[g45,3,32]":-1.0,"switch_on[g45,28]":-0.131643835616438,"prod_above[g45,32]":-0.212328767123288,"switch_on[g45,29]":-0.131643835616438,"switch_off[g45,31]":0.131643835616438,"switch_off[g45,29]":0.131643835616438,"is_on[g45,27]":0.31,"switch_off[g45,28]":0.131643835616438,"prod_above[g45,31]":0.712328767123288,"segprod[g45,2,32]":-0.5,"rhs":0.0,"segprod[g45,4,32]":-0.5,"reserve[g45,31]":0.712328767123288},"f171":{"overflow[l2374,13]":-0.0452184026237523,"segprod[g172,3,13]":-0.0452184026237522,"segprod[g172,4,13]":-0.0452184026237522,"rhs":0.0,"is_on[g172,13]":-1.0,"prod_above[g172,13]":0.0452184026237522,"segprod[g172,2,13]":-0.0452184026237522},"f70":{"overflow[l2374,24]":-0.0513543687675052,"prod_above[g172,24]":0.0513543687675052,"rhs":0.0,"is_on[g172,24]":-1.0},"f113":{"prod_above[g173,24]":0.0579289026991394,"overflow[l2375,24]":-0.0579289026991395,"rhs":0.0,"is_on[g173,24]":-1.0},"f48":{"overflow[l2374,12]":-0.0447903854750154,"rhs":0.0,"prod_above[g172,12]":0.0447903854750154,"is_on[g172,12]":-1.0},"f105":{"is_on[g173,12]":-1.0,"rhs":0.0,"prod_above[g173,12]":0.0497111286315222,"overflow[l2375,12]":-0.0497111286315222},"f87":{"overflow[l2374,33]":-0.0397596133775191,"rhs":0.0,"prod_above[g172,33]":0.0397596133775191,"is_on[g172,33]":-1.0},"f110":{"is_on[g173,17]":-1.0,"prod_above[g173,17]":0.0504014983357424,"rhs":0.0,"overflow[l2375,17]":-0.0504014983357425},"r331":{"prod_above[g173,28]":0.12340620359048,"segprod[g173,4,28]":-0.12340620359048,"overflow[l2375,28]":-0.137678276157835,"segprod[g173,1,28]":0.0142720725673542,"is_on[g173,28]":-1.0,"segprod[g173,2,28]":-0.12340620359048,"rhs":0.0,"segprod[g173,3,28]":-0.12340620359048},"f61":{"prod_above[g173,20]":0.0820059979186867,"is_on[g173,20]":-1.0,"rhs":0.0,"overflow[l2375,20]":-0.0820059979186867},"f53":{"prod_above[g172,17]":0.0453500753718249,"overflow[l2374,17]":-0.0453500753718249,"is_on[g172,17]":-1.0,"rhs":0.0},"f108":{"overflow[l2375,15]":-0.0520706682280925,"is_on[g173,15]":-1.0,"prod_above[g173,15]":0.0520706682280925,"rhs":0.0},"f88":{"is_on[g173,33]":-1.0,"prod_above[g173,33]":0.0727211905913303,"overflow[l2375,33]":-0.0727211905913304,"rhs":0.0},"f103":{"overflow[l2375,10]":-0.0500104021636499,"prod_above[g173,10]":0.0500104021636499,"is_on[g173,10]":-1.0,"rhs":0.0},"f78":{"is_on[g172,29]":-1.0,"overflow[l2374,29]":-0.0516060579319279,"prod_above[g172,29]":0.0516060579319279,"rhs":0.0},"f106":{"overflow[l2375,13]":-0.0502389111419354,"prod_above[g173,13]":0.0502389111419354,"rhs":0.0,"is_on[g173,13]":-1.0},"r330":{"is_on[g172,35]":-1.0,"prod_above[g172,35]":0.0323973714258309,"segprod[g172,2,35]":-0.0323973714258309,"overflow[l2374,35]":-0.0387860433852922,"segprod[g172,4,35]":-0.0323973714258309,"segprod[g172,3,35]":-0.0323973714258309,"rhs":0.0,"segprod[g172,1,35]":0.00638867195946125},"f68":{"rhs":0.0,"is_on[g172,22]":-1.0,"overflow[l2374,22]":-0.0446099771998404,"prod_above[g172,22]":0.0446099771998404},"f161":{"is_on[g172,11]":-1.0,"prod_above[g172,11]":0.0452184026237522,"rhs":0.0,"segprod[g172,3,11]":-0.0452184026237522,"segprod[g172,2,11]":-0.0452184026237522,"overflow[l2374,11]":-0.0452184026237523,"segprod[g172,4,11]":-0.0452184026237522},"file name":"2017-02-08.1.final.mps.gz","f115":{"overflow[l2375,29]":-0.0582493620238622,"prod_above[g173,29]":0.0582493620238622,"is_on[g173,29]":-1.0,"rhs":0.0},"f228":{"overflow[l2374,21]":-0.0427626374284258,"is_on[g172,21]":-1.0,"segprod[g172,2,21]":-0.0427626374284258,"rhs":0.0,"segprod[g172,3,21]":-0.0427626374284258,"prod_above[g172,21]":0.0427626374284258,"segprod[g172,4,21]":-0.0427626374284258},"f42":{"is_on[g172,8]":-1.0,