{"f52":{"prod_above[g173,31]":0.101999079968297,"rhs":0.0,"overflow[l2375,31]":-0.101999079968297,"is_on[g173,31]":-1.0},"f80":{"overflow[l2374,16]":-0.0532490436471761,"prod_above[g172,16]":0.0532490436471761,"rhs":0.0,"is_on[g172,16]":-1.0},"f84":{"overflow[l2374,21]":-0.0480350771347268,"is_on[g172,21]":-1.0,"rhs":0.0,"prod_above[g172,21]":0.0480350771347268},"r336":{"segprod[g172,1,32]":0.00207361769498513,"segprod[g172,3,32]":0.00207361769498513,"overflow[l2374,32]":-0.0455060293213546,"prod_above[g172,32]":0.0434324116263695,"is_on[g172,32]":-1.0,"segprod[g172,4,32]":-0.0434324116263695,"rhs":0.0,"segprod[g172,2,32]":0.00207361769498513},"f76":{"overflow[l2374,12]":-0.0516631131055368,"rhs":0.0,"prod_above[g172,12]":0.0516631131055368,"is_on[g172,12]":-1.0},"f23":{"prod_above[g173,4]":0.247578067554138,"is_on[g173,4]":-1.0,"rhs":0.0,"overflow[l2375,4]":-0.247578067554138},"f187":{"prod_above[g132,19]":0.0345661942620118,"is_on[g132,19]":-1.0,"segprod[g132,4,19]":-0.0345661942620118,"rhs":0.0,"switch_on[g132,19]":0.170411337711718},"f37":{"prod_above[g173,18]":0.10643529053641,"overflow[l2375,18]":-0.10643529053641,"rhs":0.0,"is_on[g173,18]":-1.0},"f85":{"rhs":0.0,"is_on[g172,22]":-1.0,"overflow[l2374,22]":-0.0495373459574304,"prod_above[g172,22]":0.0495373459574303},"f427":{"switch_off[g51,4]":0.332297704613958,"is_on[g51,3]":-1.0,"rhs":0.0,"reserve[g51,3]":0.00231857175979597},"f89":{"is_on[g172,35]":-1.0,"prod_above[g172,35]":0.0461435738843982,"overflow[l2374,35]":-0.0461435738843982,"rhs":0.0},"f73":{"prod_above[g172,9]":0.0526898705831399,"overflow[l2374,9]":-0.0526898705831399,"rhs":0.0,"is_on[g172,9]":-1.0},"f69":{"prod_above[g173,6]":0.0711554868351677,"is_on[g173,6]":-1.0,"overflow[l2375,6]":-0.0711554868351677,"rhs":0.0},"f56":{"is_on[g173,33]":-1.0,"prod_above[g173,33]":0.0945616641339872,"overflow[l2375,33]":-0.0945616641339873,"rhs":0.0},"f75":{"is_on[g172,11]":-1.0,"prod_above[g172,11]":0.0513826030837781,"rhs":0.0,"overflow[l2374,11]":-0.0513826030837782},"f82":{"overflow[l2374,18]":-0.0480876040735971,"rhs":0.0,"is_on[g172,18]":-1.0,"prod_above[g172,18]":0.048087604073597},"f46":{"prod_above[g173,26]":0.169982746751197,"is_on[g173,26]":-1.0,"rhs":0.0,"overflow[l2375,26]":-0.169982746751197},"f87":{"prod_above[g172,30]":0.052002702060399,"rhs":0.0,"is_on[g172,30]":-1.0,"overflow[l2374,30]":-0.052002702060399},"f66":{"is_on[g173,2]":-1.0,"prod_above[g173,2]":0.0705511668810249,"overflow[l2375,2]":-0.070551166881025,"rhs":0.0},"r337":{"prod_above[g173,4]":0.226942719514678,"segprod[g173,3,4]":-0.226942719514678,"segprod[g173,1,4]":0.0206353480394558,"segprod[g173,2,4]":-0.226942719514678,"is_on[g173,4]":-1.0,"segprod[g173,4,4]":-0.226942719514678,"rhs":0.0,"overflow[l2375,4]":-0.247578067554134},"f88":{"rhs":0.0,"is_on[g172,31]":-1.0,"prod_above[g172,31]":0.0471608907937696,"overflow[l2374,31]":-0.0471608907937696},"f74":{"is_on[g172,10]":-1.0,"rhs":0.0,"prod_above[g172,10]":0.0514338735261622,"overflow[l2374,10]":-0.0514338735261623},"f78":{"overflow[l2374,14]":-0.0530374831804881,"rhs":0.0,"prod_above[g172,14]":0.053037483180488,"is_on[g172,14]":-1.0},"f68":{"overflow[l2375,5]":-0.0749805050686819,"rhs":0.0,"is_on[g173,5]":-1.0,"prod_above[g173,5]":0.0749805050686819},"file name":"2017-02-19.1.final.mps.gz","f31":{"overflow[l2375,13]":-0.128574202100642,"prod_above[g173,13]":0.128574202100642,"rhs":0.0,"is_on[g173,13]":-1.0},"f29":{"prod_above[g173,11]":0.124041161819135,"is_on[g173,11]":-1.0,"overflow[l2375,11]":-0.124041161819135,"rhs":0.0},"f42":{"prod_above[g173,22]":0.113807203768381,"rhs":0.0,"is_on[g173,22]":-1.0,"overflow[l2375,22]":-0.113807203768381},"f54":{"overflow[l2375,32]":-0.0945616641339873,"prod_above[g173,32]":0.0945616641339872,"is_on[g173,32]":-1.0,"rhs":0.0},"f79":{"overflow[l2374,15]":-0.0538337720785758,"prod_above[g172,15]":0.0538337720785758,"is_on[g172,15]":-1.0,"rhs":0.0},"f81":{"prod_above[g172,17]":0.0518368383675543,"overflow[l2374,17]":-0.0518368383675543,"is_on[g172,17]":-1.0,"rhs":0.0},"f47":{"is_on[g227,26]":-1.0,"rhs":0.0,"reserve[g227,26]":0.00207636884616183},"f426":{"is_on[g51,3]":-1.0,"prod_above[g51,4]":-0.00347246336551149,"is_on[g51,4]":-0.497673449545108,"rhs":0.0,"reserve[g51,3]":0.00347246336551149},"f67":{"prod_above[g173,3]":0.0740814822222962,"is_on[g173,3]":-1.0,"rhs":0.0,"overflow[l2375,3]":-0.0740814822222963},"f3":{"prod_above[g173,4]":0.0377953803462512,"is_on[g173,4]":-0.152660454617962,"rhs":0.0,"overflow[l2375,4]":-0.0377953803462512,"is_on[g173,5]":-1.0},"f26":{"prod_above[g173,8]":0.155779739910139,"is_on[g173,8]":-1.0,"overflow[l2375,8]":-0.155779739910139,"rhs":0.0},"f24":{"overflow[l2375,7]":-0.170954490205153,"prod_above[g173,7]":0.170954490205152,"is_on[g173,7]":-1.0,"rhs":0.0},"f134":{"is_on[g172,11]":-1.0,"prod_above[g172,11]":0.0513826030837782,"rhs":0.0,"segprod[g172,3,11]":-0.0513826030837782,"segprod[g172,2,11]":-0.0513826030837782,"overflow[l2374,11]":-0.0513826030837782,"segprod[g172,4,11]":-0.0513826030837782},"f282":{"is_on[g274,34]":-1.0,"segprod[g274,4,34]":-0.0356379187455453,"rhs":0.0,"switch_off[g274,35]":0.171418389166072,"prod_above[g274,34]":0.0356379187455453},"f60":{"overflow[l2375,35]":-0.0973568586446545,"prod_above[g173,35]":0.0973568586446544,"rhs":0.0,"is_on[g173,35]":-1.0},"f148":{"overflow[l2374,13]":-0.0521441410061002,"segprod[g172,3,13]":-0.0521441410061001,"segprod[g172,4,13]":-0.0521441410061001,"rhs":0.0,"is_on[g172,13]":-1.0,"prod_above[g172,13]":0.0521441410061001,"segprod[g172,2,13]":-0.0521441410061001},"f83":{"overflow[l2374,20]":-0.047628074273124,"is_on[g172,20]":-1.0,"prod_above[g172,20]":0.047628074273124,"rhs":0.0},"f283":{"segprod[g274,3,34]":0.0356379187455453,"is_on[g274,34]":-1.0,"segprod[g274,1,34]":0.0356379187455453,"segprod[g274,2,34]":0.0356379187455453,"rhs":0.0,"switch_off[g274,35]":0.171418389166073},"f77":{"overflow[l2374,13]":-0.0521441410061001,"rhs":0.0,"is_on[g172,13]":-1.0,"prod_above[g172,13]":0.0521441410061001},"f86":{"is_on[g172,23]":-1.0,"rhs":0.0,"overflow[l2374,23]":-0.0523522658322414,"prod_above[g172,23]":0.0523522658322414},"f49":{"prod_above[g173,28]":0.175550702553904,"overflow[l2375,28]":-0.175550702553904,"is_on[g173,28]":-1.0,"rhs":0.0},"f25":{"is_on[g227,7]":-1.0,"reserve[g227,7]":0.00208099221708911,"rhs":0.0},"f34":{"overflow[l2375,16]":-0.135507230665822,"rhs":0.0,"prod_above[g173,16]":0.135507230665822,"is_on[g173,16]":-1.0},"f58":{"overflow[l2375,34]":-0.0947234312615721,"is_on[g173,34]":-1.0,"rhs":0.0,"prod_above[g173,34]":0.094723431261572}}