{"i213":{"switch_off[g223,3]":-1.0,"reserve[g223,19]":0.00140390284992279,"switch_off[g223,2]":-1.0,"rhs":0.0,"switch_off[g223,1]":-1.0,"is_on[g223,4]":-1.0,"switch_off[g223,4]":-1.0},"i216":{"is_on[g223,36]":-1.0,"reserve[g223,32]":0.00140398169207874,"switch_off[g223,35]":-1.0,"switch_off[g223,36]":-1.0,"rhs":0.0,"switch_off[g223,34]":-1.0,"switch_off[g223,33]":-1.0},"i217":{"prod_above[g45,21]":0.684931506849315,"is_on[g45,21]":-1.0,"reserve[g45,21]":0.684931506849315,"rhs":0.0,"prod_above[g45,20]":-0.684931506849315},"i219":{"prod_above[g45,21]":0.684931506849315,"is_on[g45,21]":-1.0,"prod_above[g45,22]":-0.684931506849315,"reserve[g45,21]":0.684931506849315,"rhs":0.0},"i211":{"switch_off[g223,9]":-1.0,"switch_off[g223,10]":-1.0,"switch_off[g223,11]":-1.0,"switch_off[g223,8]":-1.0,"reserve[g223,7]":0.00150387247161441,"is_on[g223,11]":-1.0,"rhs":0.0},"i215":{"switch_off[g223,19]":-1.0,"switch_off[g223,18]":-1.0,"switch_off[g223,16]":-1.0,"reserve[g223,31]":0.0014203940173004,"rhs":0.0,"switch_off[g223,17]":-1.0,"is_on[g223,19]":-1.0},"i218":{"reserve[g45,22]":0.684931506849315,"prod_above[g45,21]":-0.684931506849315,"prod_above[g45,22]":0.684931506849315,"rhs":0.0,"is_on[g45,22]":-1.0},"file name":"2017-01-26.1.final.mps.gz","i220":{"reserve[g45,22]":0.684931506849315,"prod_above[g45,22]":0.684931506849315,"rhs":0.0,"prod_above[g45,23]":-0.684931506849315,"is_on[g45,22]":-1.0},"i212":{"reserve[g223,18]":0.0013696753869333,"switch_off[g223,3]":-1.0,"switch_off[g223,2]":-1.0,"rhs":0.0,"switch_off[g223,1]":-1.0,"is_on[g223,4]":-1.0,"switch_off[g223,4]":-1.0}}