{"i306":{"is_on[g266,12]":-1.0,"overflow[l2468,12]":-0.0294117647058823,"curtail[b1774,12]":0.0294117647058822,"prod_above[g266,12]":0.0294117647058822,"is_on[g266,8]":-0.0115869981226284,"rhs":0.0},"i299":{"curtail[b1774,10]":0.0294117647058822,"is_on[g266,10]":-1.0,"is_on[g266,8]":-0.0184219981226286,"overflow[l2468,10]":-0.0294117647058823,"prod_above[g266,10]":0.0294117647058822,"rhs":0.0},"i397":{"is_on[g145,22]":-1.0,"rhs":0.0,"segprod[g145,3,33]":0.00736322803917237},"i307":{"prod_above[g266,13]":0.0294117647058822,"is_on[g266,19]":-1.0,"is_on[g266,8]":-0.0082981745932176,"rhs":0.0,"curtail[b1774,13]":0.0294117647058822,"overflow[l2468,13]":-0.0294117647058823},"i589":{"is_on[g145,7]":-1.0,"segprod[g145,2,19]":0.00736322803917237,"rhs":0.0},"i588":{"is_on[g145,7]":-1.0,"segprod[g145,1,19]":0.00736322803917237,"rhs":0.0},"file name":"2017-02-14.1.final.mps.gz","i304":{"prod_above[g266,6]":0.0291407744143322,"curtail[b1774,6]":0.0291407744143322,"is_on[g266,8]":-1.0,"rhs":0.0,"overflow[l2468,6]":-0.0291407744143322},"i309":{"curtail[b1774,19]":0.0294117647058822,"overflow[l2468,19]":-0.0294117647058823,"prod_above[g266,19]":0.0294117647058822,"is_on[g266,19]":-1.0,"is_on[g266,8]":-0.0276008216520414,"rhs":0.0},"i394":{"segprod[g145,4,32]":0.00736322803917238,"is_on[g145,22]":-1.0,"rhs":0.0},"i398":{"segprod[g145,1,34]":0.00736322803917237,"is_on[g145,22]":-1.0,"rhs":0.0},"i586":{"is_on[g145,7]":-1.0,"prod_above[g145,19]":0.00184080700979309,"rhs":0.0},"i303":{"overflow[l2468,21]":-0.0294117647058823,"prod_above[g266,21]":0.0294117647058822,"is_on[g266,8]":-0.0198161157696886,"is_on[g266,21]":-1.0,"curtail[b1774,21]":0.0294117647058822,"rhs":0.0},"i241":{"switch_off[g179,21]":-1.0,"rhs":0.0,"is_on[g179,21]":-1.0,"switch_off[g179,20]":-1.0,"prod_above[g179,18]":-0.00860289057123194,"prod_above[g179,19]":0.00860289057123194},"i395":{"is_on[g145,22]":-1.0,"segprod[g145,1,33]":0.00736322803917237,"rhs":0.0},"i305":{"overflow[l2468,7]":-0.0285993841129939,"curtail[b1774,7]":0.0285993841129939,"prod_above[g266,7]":0.0285993841129939,"is_on[g266,8]":-1.0,"rhs":0.0},"i391":{"is_on[g145,22]":-1.0,"rhs":0.0,"segprod[g145,1,32]":0.00736322803917237},"i393":{"segprod[g145,3,32]":0.00736322803917237,"is_on[g145,22]":-1.0,"rhs":0.0},"i590":{"is_on[g145,7]":-1.0,"rhs":0.0,"segprod[g145,3,19]":0.00736322803917237},"i396":{"segprod[g145,2,33]":0.00736322803917237,"is_on[g145,22]":-1.0,"rhs":0.0},"i592":{"is_on[g145,7]":-1.0,"segprod[g145,1,20]":0.00736322803917237,"rhs":0.0},"i392":{"is_on[g145,22]":-1.0,"rhs":0.0,"segprod[g145,2,32]":0.00736322803917237},"i591":{"is_on[g145,7]":-1.0,"segprod[g145,4,19]":0.00736322803917238,"rhs":0.0},"i302":{"curtail[b1774,20]":0.0294117647058822,"is_on[g266,20]":-1.0,"is_on[g266,8]":-0.0204993510638049,"overflow[l2468,20]":-0.0294117647058823,"prod_above[g266,20]":0.0294117647058822,"rhs":0.0},"i308":{"prod_above[g266,17]":0.0294117647058822,"curtail[b1774,17]":0.0294117647058822,"is_on[g266,19]":-1.0,"is_on[g266,8]":-0.00962699812262984,"overflow[l2468,17]":-0.0294117647058823,"rhs":0.0},"i300":{"prod_above[g266,11]":0.0294117647058822,"overflow[l2468,11]":-0.0294117647058823,"is_on[g266,8]":-0.0150490569461591,"is_on[g266,11]":-1.0,"rhs":0.0,"curtail[b1774,11]":0.0294117647058822},"i301":{"is_on[g266,19]":-1.0,"curtail[b1774,18]":0.0294117647058822,"is_on[g266,8]":-0.0223517040049825,"rhs":0.0,"overflow[l2468,18]":-0.0294117647058823,"prod_above[g266,18]":0.0294117647058822},"i536":{"prod_above[g182,20]":-0.0128766417718259,"is_on[g182,20]":-0.518928663404584,"startup[g182,2,19]":0.518928663404584,"is_on[g182,19]":-1.0,"rhs":0.0,"prod_above[g182,19]":0.0128766417718259},"i390":{"is_on[g145,22]":-1.0,"segprod[g145,1,31]":0.00736322803917237,"rhs":0.0},"i298":{"overflow[l2468,9]":-0.0294117647058823,"is_on[g266,9]":-1.0,"prod_above[g266,9]":0.0294117647058822,"curtail[b1774,9]":0.0294117647058822,"is_on[g266,8]":-0.0180711157696872,"rhs":0.0},"i1":{"switch_off[g231,32]":-1.0,"prod_above[g231,31]":-0.0288683602771363,"is_on[g231,33]":-1.0,"prod_above[g231,32]":0.0288683602771363,"rhs":0.0,"switch_off[g231,33]":-1.0},"i587":{"is_on[g145,7]":-1.0,"segprod[g145,1,18]":0.00736322803917237,"rhs":0.0},"i297":{"prod_above[g266,8]":0.0286597514267932,"is_on[g266,8]":-1.0,"rhs":0.0,"overflow[l2468,8]":-0.0286597514267932,"curtail[b1774,8]":0.0286597514267932}}