{"i0":{"segprod[g67,1,21]":0.160513643659711,"switch_off[g67,22]":1.0,"rhs":0.0},"i1":{"segprod[g67,1,21]":0.043956043956044,"switch_off[g67,22]":0.273846153846153,"rhs":0.0,"is_on[g67,21]":-1.0},"file name":"2017-01-24.1.final.mps.gz"}