{"f27":{"overflow[l2375,16]":-0.102706733248016,"rhs":0.0,"prod_above[g173,16]":0.102706733248016,"is_on[g173,16]":-1.0},"f223":{"prod_above[g132,19]":0.0388953714507974,"is_on[g132,19]":-1.0,"segprod[g132,4,19]":-0.0388953714507974,"rhs":0.0,"switch_on[g132,19]":0.183197199533256},"f24":{"overflow[l2375,13]":-0.0992239693358223,"prod_above[g173,13]":0.0992239693358222,"rhs":0.0,"is_on[g173,13]":-1.0},"file name":"2017-03-01.1.final.mps.gz","f29":{"prod_above[g173,18]":0.0949820958749251,"overflow[l2375,18]":-0.0949820958749252,"rhs":0.0,"is_on[g173,18]":-1.0},"f292":{"reserve[g250,18]":0.00805152979066023,"rhs":0.0,"is_on[g250,18]":-1.0,"prod_above[g250,17]":-0.00805152979066023},"f18":{"overflow[l2375,7]":-0.107878938255486,"prod_above[g173,7]":0.107878938255486,"is_on[g173,7]":-1.0,"rhs":0.0},"f22":{"prod_above[g173,11]":0.0959574102630258,"is_on[g173,11]":-1.0,"overflow[l2375,11]":-0.0959574102630259,"rhs":0.0},"f46":{"prod_above[g173,6]":0.0686813186813189,"is_on[g173,6]":-1.0,"overflow[l2375,6]":-0.0686813186813189,"rhs":0.0},"f32":{"switch_off[g81,22]":0.316430164681315,"is_on[g81,21]":-1.0,"segprod[g81,1,21]":0.0023729296189075,"segprod[g81,2,21]":0.0023729296189075,"rhs":0.0,"segprod[g81,3,21]":0.0023729296189075},"f38":{"prod_above[g173,31]":0.0980013602588784,"rhs":0.0,"overflow[l2375,31]":-0.0980013602588785,"is_on[g173,31]":-1.0},"f48":{"prod_above[g173,24]":0.0695890834213058,"overflow[l2375,24]":-0.0695890834213058,"rhs":0.0,"is_on[g173,24]":-1.0},"f295":{"is_on[g232,21]":-1.0,"switch_off[g232,22]":0.0164496675931788,"prod_above[g232,21]":0.00162546122462249,"overflow[l2434,21]":-0.00162546122462249,"rhs":0.0},"f23":{"is_on[g173,12]":-1.0,"rhs":0.0,"prod_above[g173,12]":0.0979692925049555,"overflow[l2375,12]":-0.0979692925049555},"f21":{"overflow[l2375,10]":-0.0983818158922027,"prod_above[g173,10]":0.0983818158922026,"is_on[g173,10]":-1.0,"rhs":0.0},"f44":{"overflow[l2375,35]":-0.0902033725236904,"prod_above[g173,35]":0.0902033725236903,"rhs":0.0,"is_on[g173,35]":-1.0},"f322":{"is_on[g129,33]":-1.0,"switch_off[g129,34]":0.183197199533256,"prod_above[g129,33]":0.0388953714507973,"switch_on[g129,33]":0.183197199533256,"rhs":0.0,"segprod[g129,4,33]":-0.0388953714507973},"f294":{"prod_above[g250,35]":-0.00805152979066023,"reserve[g250,36]":0.00805152979066023,"rhs":0.0,"is_on[g250,36]":-1.0},"f47":{"overflow[l2375,23]":-0.0606498387624034,"prod_above[g173,23]":0.0606498387624034,"rhs":0.0,"is_on[g173,23]":-1.0},"f224":{"is_on[g132,19]":-1.0,"segprod[g132,1,19]":0.0388953714507974,"rhs":0.0,"segprod[g132,2,19]":0.0388953714507974,"segprod[g132,3,19]":0.0388953714507974,"switch_on[g132,19]":0.183197199533256},"f12":{"prod_above[g173,22]":0.0272668723315957,"rhs":0.0,"is_on[g173,22]":-0.249417443272643,"is_on[g173,23]":-1.0,"overflow[l2375,22]":-0.0272668723315957},"f49":{"is_on[g173,30]":-1.0,"rhs":0.0,"prod_above[g173,30]":0.0639191652668373,"overflow[l2375,30]":-0.0639191652668373},"f25":{"prod_above[g173,14]":0.0994748721499177,"is_on[g173,14]":-1.0,"rhs":0.0,"overflow[l2375,14]":-0.0994748721499178},"f43":{"overflow[l2375,34]":-0.0929683396319366,"is_on[g173,34]":-1.0,"rhs":0.0,"prod_above[g173,34]":0.0929683396319365},"f26":{"overflow[l2375,15]":-0.101020509183772,"is_on[g173,15]":-1.0,"prod_above[g173,15]":0.101020509183772,"rhs":0.0},"f28":{"is_on[g173,17]":-1.0,"prod_above[g173,17]":0.100816208020128,"rhs":0.0,"overflow[l2375,17]":-0.100816208020128}}