{"f27":{"segprod[g45,2,19]":0.5,"segprod[g45,3,19]":1.0,"switch_off[g45,20]":0.05,"is_on[g45,19]":-0.78,"rhs":0.0},"file name":"2017-01-24.1.final.mps.gz","r133":{"segprod[g34,2,22]":0.0215610176800345,"switch_off[g34,23]":0.170413815575106,"switch_on[g34,22]":0.170413815575106,"prod_above[g34,22]":0.011022885871611,"segprod[g34,1,22]":0.0215610176800345,"segprod[g34,3,22]":0.0215610176800345,"segprod[g34,4,22]":-0.011022885871611,"is_on[g34,22]":-1.0,"rhs":0.0},"f18":{"overflow[l2373,8]":-0.00829478814406023,"prod_above[g171,8]":0.00829478814406023,"is_on[g171,8]":-1.0,"rhs":0.0},"f22":{"overflow[l2373,12]":-0.00825563133124366,"prod_above[g171,12]":0.00825563133124365,"is_on[g171,12]":-1.0,"rhs":0.0},"f38":{"overflow[l2373,33]":-0.00829446546814958,"prod_above[g171,33]":0.00829446546814958,"is_on[g171,33]":-1.0,"rhs":0.0},"r128":{"segprod[g171,1,17]":0.000778706517188306,"segprod[g171,2,17]":0.000778706517188306,"segprod[g171,3,17]":-0.00749538090268232,"is_on[g171,17]":-1.0,"overflow[l2373,17]":-0.00827408741987063,"segprod[g171,4,17]":-0.00749538090268232,"rhs":0.0,"prod_above[g171,17]":0.00749538090268232},"r131":{"switch_off[g152,25]":-1.0,"startup[g152,3,30]":-0.5,"switch_off[g152,31]":-0.5,"startup[g152,2,30]":0.5,"switch_off[g152,23]":-1.0,"switch_off[g152,28]":-1.0,"switch_off[g152,24]":-1.0,"switch_off[g152,33]":0.5,"startup[g152,3,31]":-0.5,"switch_off[g152,30]":-0.5,"startup[g152,1,31]":0.5,"rhs":0.0,"is_on[g152,33]":0.5,"is_on[g152,29]":-0.5,"startup[g152,1,30]":0.5,"switch_on[g152,32]":-0.5,"switch_off[g152,32]":0.5,"switch_on[g152,33]":-0.5,"switch_off[g152,26]":-1.0,"switch_off[g152,29]":-1.0,"switch_off[g152,27]":-1.0,"startup[g152,2,31]":0.5},"f23":{"is_on[g171,13]":-1.0,"overflow[l2373,13]":-0.00826855061733825,"rhs":0.0,"prod_above[g171,13]":0.00826855061733825},"f21":{"is_on[g171,11]":-1.0,"overflow[l2373,11]":-0.00825043842829808,"prod_above[g171,11]":0.00825043842829807,"rhs":0.0},"r127":{"overflow[l2373,31]":-0.00819572035874307,"prod_above[g171,31]":0.00772198795630955,"segprod[g171,3,31]":0.000473732402433512,"segprod[g171,4,31]":-0.00772198795630955,"is_on[g171,31]":-1.0,"segprod[g171,1,31]":0.000473732402433512,"rhs":0.0,"segprod[g171,2,31]":0.000473732402433512},"f10":{"segprod[g45,2,19]":0.5,"segprod[g45,3,19]":1.0,"is_on[g45,19]":-0.68,"rhs":0.0,"is_on[g45,20]":-0.05},"r130":{"switch_off[g40,2]":-1.0,"switch_off[g40,6]":-0.333333333333333,"switch_on[g40,5]":0.666666666666666,"startup[g40,2,6]":0.333333333333333,"switch_off[g40,11]":0.666666666666667,"startup[g40,2,8]":0.333333333333333,"startup[g40,3,10]":-0.666666666666667,"startup[g40,3,5]":-0.666666666666666,"switch_off[g40,3]":-1.0,"startup[g40,1,5]":0.333333333333333,"switch_off[g40,10]":-0.333333333333333,"startup[g40,3,6]":-0.666666666666667,"startup[g40,2,9]":-0.666666666666667,"switch_off[g40,8]":-0.333333333333333,"switch_off[g40,7]":-0.333333333333333,"startup[g40,3,11]":-0.666666666666667,"startup[g40,1,8]":0.333333333333333,"startup[g40,1,11]":-0.666666666666667,"is_on[g40,11]":0.666666666666667,"is_on[g40,5]":-0.666666666666666,"startup[g40,2,7]":0.333333333333333,"startup[g40,1,10]":0.333333333333333,"startup[g40,2,10]":-0.666666666666667,"startup[g40,2,11]":-0.666666666666667,"switch_off[g40,4]":-1.0,"startup[g40,1,7]":-0.666666666666667,"rhs":0.0,"startup[g40,3,8]":-0.666666666666667,"startup[g40,1,6]":0.333333333333333,"startup[g40,3,9]":-0.666666666666667,"switch_off[g40,5]":-1.0,"startup[g40,3,7]":-0.666666666666667,"startup[g40,1,9]":0.333333333333333,"switch_off[g40,9]":-0.333333333333333,"startup[g40,2,5]":0.333333333333333},"f14":{"is_on[g34,23]":-0.348666666666665,"segprod[g34,2,22]":0.0666666666666665,"segprod[g34,3,22]":0.0666666666666665,"segprod[g34,1,22]":0.0666666666666665,"is_on[g34,24]":-0.69733333333333,"is_on[g34,22]":-1.0,"rhs":0.0},"f39":{"is_on[g171,34]":-1.0,"prod_above[g171,34]":0.00832012721141701,"rhs":0.0,"overflow[l2373,34]":-0.00832012721141701},"f19":{"prod_above[g171,9]":0.00828802958229822,"is_on[g171,9]":-1.0,"rhs":0.0,"overflow[l2373,9]":-0.00828802958229822},"r129":{"is_on[g185,21]":-1.0,"switch_off[g185,20]":-0.180769087544971,"switch_off[g185,19]":-0.180769087544971,"switch_off[g185,22]":0.534507756375814,"is_on[g185,7]":0.180769087544971,"switch_on[g185,21]":0.534507756375814,"prod_above[g185,21]":0.00690221792840669,"segprod[g185,3,21]":0.00352720170819456,"segprod[g185,4,21]":-0.00690221792840669,"segprod[g185,2,21]":0.00352720170819456,"segprod[g185,1,21]":0.00352720170819456,"rhs":0.0,"switch_off[g185,21]":-0.180769087544971},"f30":{"is_on[g171,21]":-1.0,"overflow[l2373,21]":-0.00824184337728323,"rhs":0.0,"prod_above[g171,21]":0.00824184337728323},"r136":{"segprod[g45,2,19]":0.5,"segprod[g45,3,19]":1.0,"is_on[g45,19]":-0.78,"segprod[g45,4,20]":-0.5,"is_on[g45,20]":-0.061904761904762,"segprod[g45,2,20]":0.119047619047619,"segprod[g45,4,19]":-0.119047619047619,"rhs":0.0,"prod_above[g45,19]":0.119047619047619,"prod_above[g45,20]":-0.119047619047619,"segprod[g45,3,20]":-1.0}}