{"i0":{"overflow[l2429,21]":-0.00104624398409709,"is_on[g227,21]":-1.0,"prod_above[g227,21]":0.00104624398409709,"startup[g227,1,23]":-0.377212806026365,"rhs":0.0,"switch_off[g227,22]":0.377212806026365},"i1":{"is_on[g227,22]":-1.0,"switch_off[g227,23]":0.377212806026365,"prod_above[g227,22]":0.00104624398409709,"overflow[l2429,22]":-0.00104624398409709,"rhs":0.0,"startup[g227,1,24]":-0.377212806026365},"file name":"2017-02-04.1.final.mps.gz"}