{"i0":{"overflow[l2429,21]":-0.00104624398409709,"is_on[g227,21]":-1.0,"prod_above[g227,21]":0.00104624398409709,"rhs":0.0,"switch_off[g227,22]":0.377212806026365},"i1":{"switch_off[g233,23]":0.0203841630733027,"prod_above[g233,22]":0.00170436146097865,"overflow[l2435,22]":-0.00170436146097865,"rhs":0.0,"is_on[g233,22]":-1.0},"file name":"2017-02-03.1.final.mps.gz"}