{"i0":{"switch_off[g233,22]":0.0192251972798371,"rhs":0.0,"overflow[l2435,21]":-0.00170436146097865,"prod_above[g233,21]":0.00170436146097865,"is_on[g233,21]":-1.0},"i278":{"overflow[l2429,21]":-0.00104624398409709,"is_on[g227,21]":-1.0,"prod_above[g227,21]":0.00104624398409709,"rhs":0.0,"switch_off[g227,22]":0.376930320150659},"i279":{"is_on[g227,22]":-1.0,"switch_off[g227,23]":0.376930320150659,"prod_above[g227,22]":0.00104624398409709,"overflow[l2429,22]":-0.00104624398409709,"rhs":0.0,"startup[g227,1,24]":-0.376930320150659},"file name":"2017-02-22.1.final.mps.gz"}