{"i338":{"switch_off[g223,9]":-1.0,"switch_off[g223,10]":-1.0,"switch_off[g223,11]":-1.0,"switch_off[g223,8]":-1.0,"reserve[g223,7]":0.00122915053406591,"is_on[g223,11]":-1.0,"rhs":0.0},"i0":{"is_on[g227,22]":-1.0,"switch_off[g227,23]":0.376354885959405,"prod_above[g227,22]":0.00104624398409709,"overflow[l2429,22]":-0.00104624398409709,"rhs":0.0,"startup[g227,1,24]":-0.376354885959405},"i1":{"switch_off[g233,23]":0.0168731784636864,"prod_above[g233,22]":0.00170436146097865,"overflow[l2435,22]":-0.00170436146097865,"rhs":0.0,"is_on[g233,22]":-1.0},"i340":{"prod_above[g104,21]":0.00105618926911702,"switch_off[g104,22]":0.421166032953108,"is_on[g104,21]":-1.0,"overflow[l2306,21]":-0.00105618926911702,"rhs":0.0},"file name":"2017-02-17.1.final.mps.gz","i2":{"prod_above[g233,23]":0.00170436146097865,"is_on[g233,23]":-1.0,"overflow[l2435,23]":-0.00170436146097865,"rhs":0.0,"switch_off[g233,24]":0.0168731784636864}}