{"f437":{"is_on[g131,22]":-1.0,"switch_on[g131,22]":0.170833333333333,"switch_off[g131,23]":0.170833333333333,"segprod[g131,4,22]":-0.0347222222222222,"prod_above[g131,22]":0.0347222222222222,"rhs":0.0},"f606":{"segprod[g127,2,19]":0.0346140533056421,"segprod[g127,1,19]":0.0346140533056421,"is_on[g127,19]":-1.0,"switch_on[g127,19]":0.170647282796815,"segprod[g127,3,19]":0.0346140533056421,"rhs":0.0,"switch_off[g127,20]":0.170647282796815},"f52":{"overflow[l2375,16]":-0.0855091858242855,"rhs":0.0,"prod_above[g173,16]":0.0855091858242854,"is_on[g173,16]":-1.0},"f169":{"switch_on[g129,20]":0.170411337711718,"switch_off[g129,21]":0.170411337711718,"segprod[g129,3,20]":0.0345661942620118,"segprod[g129,2,20]":0.0345661942620118,"segprod[g129,1,20]":0.0345661942620118,"rhs":0.0,"is_on[g129,20]":-1.0},"f72":{"is_on[g172,28]":-1.0,"overflow[l2374,28]":-0.0498760828721039,"prod_above[g172,28]":0.0498760828721038,"rhs":0.0},"f51":{"overflow[l2375,15]":-0.085177932441973,"is_on[g173,15]":-1.0,"prod_above[g173,15]":0.0851779324419729,"rhs":0.0},"f189":{"is_on[g130,22]":-1.0,"segprod[g130,4,22]":-0.0346020761245675,"switch_on[g130,22]":0.170588235294117,"rhs":0.0,"prod_above[g130,22]":0.0346020761245675,"switch_off[g130,23]":0.170588235294117},"f449":{"segprod[g129,3,35]":0.0345661942620118,"switch_on[g129,35]":0.170411337711718,"switch_off[g129,36]":0.170411337711718,"rhs":0.0,"segprod[g129,1,35]":0.0345661942620118,"segprod[g129,2,35]":0.0345661942620118,"is_on[g129,35]":-1.0},"f260":{"overflow[l2374,33]":-0.0428508682657181,"segprod[g172,1,33]":0.042850868265718,"rhs":0.0,"is_on[g172,33]":-1.0},"f250":{"segprod[g172,1,32]":0.0434801324056991,"overflow[l2374,32]":-0.0434801324056991,"is_on[g172,32]":-1.0,"rhs":0.0},"f270":{"switch_on[g128,35]":0.170411337711718,"switch_off[g128,36]":0.170411337711718,"segprod[g128,1,35]":0.0345661942620118,"segprod[g128,2,35]":0.0345661942620118,"rhs":0.0,"is_on[g128,35]":-1.0,"segprod[g128,3,35]":0.0345661942620118},"f387":{"is_on[g128,8]":-1.0,"switch_on[g128,8]":0.170411337711718,"segprod[g128,4,8]":-0.0345661942620118,"rhs":0.0,"switch_off[g128,9]":0.170411337711718,"prod_above[g128,8]":0.0345661942620118},"f57":{"prod_above[g173,20]":0.0676878048912549,"is_on[g173,20]":-1.0,"rhs":0.0,"overflow[l2375,20]":-0.067687804891255},"f65":{"overflow[l2374,24]":-0.0443703951849245,"prod_above[g172,24]":0.0443703951849245,"rhs":0.0,"is_on[g172,24]":-1.0},"f55":{"prod_above[g173,18]":0.0671980689962877,"overflow[l2375,18]":-0.0671980689962877,"rhs":0.0,"is_on[g173,18]":-1.0},"f247":{"segprod[g172,1,31]":0.0443375023886827,"rhs":0.0,"is_on[g172,31]":-1.0,"overflow[l2374,31]":-0.0443375023886827},"f116":{"is_on[g129,9]":-1.0,"prod_above[g129,9]":0.0345661942620118,"switch_off[g129,10]":0.170411337711718,"segprod[g129,4,9]":-0.0345661942620118,"switch_on[g129,9]":0.170411337711718,"rhs":0.0},"f37":{"prod_above[g173,4]":0.0937670245753969,"is_on[g173,4]":-1.0,"rhs":0.0,"overflow[l2375,4]":-0.093767024575397},"f168":{"switch_on[g129,20]":0.170411337711718,"switch_off[g129,21]":0.170411337711718,"prod_above[g129,20]":0.0345661942620118,"segprod[g129,4,20]":-0.0345661942620118,"rhs":0.0,"is_on[g129,20]":-1.0},"r357":{"segprod[g128,3,22]":0.0205528240624959,"switch_off[g128,20]":0.0861040435457119,"prod_above[g128,22]":0.0105109359572723,"segprod[g128,1,19]":0.00695438727715202,"switch_off[g128,21]":-0.101325422628105,"is_on[g128,20]":0.0342851292763595,"switch_on[g128,21]":-0.0449848870650034,"segprod[g128,1,21]":0.00695438727715202,"segprod[g128,2,22]":0.0205528240624959,"segprod[g128,2,21]":0.00695438727715202,"segprod[g128,1,22]":0.0205528240624959,"segprod[g128,4,21]":0.00695438727715202,"segprod[g128,4,22]":-0.0105109359572723,"segprod[g128,4,19]":0.00695438727715202,"switch_off[g128,22]":0.0518189142693525,"rhs":0.0,"segprod[g128,3,19]":0.00695438727715202,"switch_on[g128,20]":-0.0342851292763595,"prod_above[g128,21]":0.00355654868012028,"is_on[g128,19]":-0.338366506520247,"switch_off[g128,23]":0.153144336897457,"switch_on[g128,22]":0.101325422628105,"is_on[g128,21]":-0.405406799871993,"segprod[g128,2,19]":0.00695438727715202,"prod_above[g128,19]":0.00355654868012028,"segprod[g128,3,21]":0.00695438727715202,"is_on[g128,22]":-1.0},"f85":{"overflow[l2374,33]":-0.0428508682657182,"rhs":0.0,"prod_above[g172,33]":0.0428508682657181,"is_on[g172,33]":-1.0},"f269":{"switch_on[g128,35]":0.170411337711718,"switch_off[g128,36]":0.170411337711718,"prod_above[g128,35]":0.0345661942620118,"segprod[g128,4,35]":-0.0345661942620118,"rhs":0.0,"is_on[g128,35]":-1.0},"r568":{"switch_on[g127,22]":0.336749737649699,"switch_off[g127,21]":0.00654295049035011,"is_on[g127,20]":-0.175535414582791,"prod_above[g127,22]":0.0244555865322274,"segprod[g127,2,22]":0.0020066045960055,"switch_off[g127,22]":0.019323602259533,"segprod[g127,1,22]":0.0020066045960055,"segprod[g127,3,21]":0.0161749518066861,"is_on[g127,19]":0.0270007270718631,"switch_off[g127,23]":0.356073339909232,"segprod[g127,3,20]":0.00547682090707161,"switch_on[g127,21]":-0.00654295049035011,"is_on[g127,21]":-0.518416964771894,"is_on[g127,22]":-1.0,"prod_above[g127,20]":0.000449378467743826,"segprod[g127,1,20]":0.00547682090707161,"prod_above[g127,21]":0.00132717048485804,"segprod[g127,2,21]":0.0161749518066861,"segprod[g127,4,21]":-0.00132717048485804,"segprod[g127,2,20]":0.00547682090707161,"segprod[g127,1,21]":0.0161749518066861,"rhs":0.0,"switch_off[g127,20]":-0.0270007270718631,"switch_on[g127,20]":-0.00221543584597707,"segprod[g127,3,22]":0.0020066045960055,"segprod[g127,4,22]":-0.0244555865322274,"segprod[g127,4,20]":-0.000449378467743826},"f229":{"segprod[g172,1,28]":0.049876082872104,"is_on[g172,28]":-1.0,"overflow[l2374,28]":-0.049876082872104,"rhs":0.0},"r562":{"is_on[g227,22]":-1.0,"prod_above[g227,22]":0.000588220696904497,"overflow[l2429,21]":-0.000588220696904497,"prod_above[g227,21]":0.000588220696904497,"segprod[g227,3,22]":0.000735441081038003,"segprod[g227,2,22]":0.000735441081038003,"segprod[g227,1,22]":0.000735441081038003,"is_on[g227,19]":0.117832370003909,"switch_off[g227,20]":-0.117832370003909,"switch_off[g227,21]":-0.117832370003909,"is_on[g227,21]":-0.46797662204328,"overflow[l2429,22]":-0.001911882474847,"rhs":0.0,"segprod[g227,4,22]":-0.000588220696904497,"is_on[g227,23]":-0.212077090061947},"f16":{"is_on[g227,22]":-1.0,"prod_above[g227,22]":0.00167993817827504,"overflow[l2429,22]":-0.00167993817827504,"is_on[g227,23]":-0.605684910795283,"rhs":0.0},"f622":{"switch_off[g130,34]":0.170588235294118,"segprod[g130,2,33]":0.0346020761245675,"is_on[g130,33]":-1.0,"switch_on[g130,33]":0.170588235294118,"segprod[g130,3,33]":0.0346020761245675,"rhs":0.0,"segprod[g130,1,33]":0.0346020761245675},"f222":{"overflow[l2374,27]":-0.0494816059552103,"prod_above[g172,27]":0.0494816059552103,"segprod[g172,2,27]":-0.0494816059552103,"is_on[g172,27]":-1.0,"segprod[g172,4,27]":-0.0494816059552103,"rhs":0.0,"segprod[g172,3,27]":-0.0494816059552103},"f35":{"prod_above[g173,3]":0.0923767901467199,"is_on[g173,3]":-1.0,"rhs":0.0,"overflow[l2375,3]":-0.09237679014672},"f114":{"switch_on[g128,9]":0.170411337711718,"prod_above[g128,9]":0.0345661942620118,"switch_off[g128,10]":0.170411337711718,"rhs":0.0,"segprod[g128,4,9]":-0.0345661942620118,"is_on[g128,9]":-1.0},"r349":{"overflow[l2375,34]":-0.0833406950947313,"segprod[g173,1,34]":0.00573176989814846,"segprod[g173,3,34]":-0.0776089251965828,"is_on[g173,34]":-1.0,"segprod[g173,2,34]":0.00573176989814846,"prod_above[g173,34]":0.0776089251965828,"segprod[g173,4,34]":-0.0776089251965828,"rhs":0.0},"r563":{"switch_off[g227,32]":-0.0651950184968514,"is_on[g227,33]":-0.0651950184968514,"is_on[g227,22]":-1.0,"is_on[g227,25]":-0.611823938757384,"prod_above[g227,22]":0.000588220696904497,"overflow[l2429,21]":-0.000588220696904497,"prod_above[g227,21]":0.000588220696904497,"prod_above[g227,25]":-0.00044544556556369,"switch_off[g227,33]":-0.0651950184968514,"switch_off[g227,30]":-0.0651950184968514,"switch_off[g227,31]":-0.0651950184968514,