{"i229":{"switch_off[g231,19]":-1.0,"switch_off[g231,18]":-1.0,"prod_above[g231,18]":0.0288683602771363,"is_on[g231,19]":-1.0,"rhs":0.0,"prod_above[g231,17]":-0.0288683602771363},"i231":{"switch_off[g231,32]":-1.0,"prod_above[g231,31]":0.0288683602771363,"is_on[g231,33]":-1.0,"rhs":0.0,"switch_off[g231,33]":-1.0,"prod_above[g231,30]":-0.0288683602771363},"i230":{"switch_off[g231,32]":-1.0,"is_on[g231,32]":-1.0,"switch_off[g231,31]":-1.0,"prod_above[g231,29]":-0.0288683602771363,"rhs":0.0,"prod_above[g231,30]":0.0288683602771363},"i273":{"prod_above[g213,7]":0.00631751847874155,"prod_above[g213,6]":-0.00631751847874155,"rhs":0.0,"is_on[g213,8]":-1.0},"file name":"2017-02-15.1.final.mps.gz"}