{"r184":{"prod_above[g173,19]":0.0720503227465539,"is_on[g173,19]":-1.0,"overflow[l2375,19]":-0.0776091417360219,"segprod[g173,3,19]":-0.0720503227465539,"segprod[g173,4,19]":-0.0720503227465539,"rhs":0.0,"segprod[g173,2,19]":0.00555881898946794,"segprod[g173,1,19]":0.00555881898946794},"f35":{"prod_above[g173,14]":0.0559582685616375,"is_on[g173,14]":-1.0,"rhs":0.0,"overflow[l2375,14]":-0.0559582685616375},"f33":{"is_on[g173,12]":-1.0,"rhs":0.0,"prod_above[g173,12]":0.053360255360838,"overflow[l2375,12]":-0.053360255360838},"f84":{"is_on[g132,19]":-1.0,"segprod[g132,1,19]":0.0388953714507974,"rhs":0.0,"segprod[g132,2,19]":0.0388953714507974,"segprod[g132,3,19]":0.0388953714507974,"switch_on[g132,19]":0.183197199533256},"file name":"2017-02-26.1.final.mps.gz","f31":{"overflow[l2375,10]":-0.0528921423433336,"prod_above[g173,10]":0.0528921423433335,"is_on[g173,10]":-1.0,"rhs":0.0},"f29":{"prod_above[g173,8]":0.056138964146289,"is_on[g173,8]":-1.0,"overflow[l2375,8]":-0.0561389641462891,"rhs":0.0},"f32":{"prod_above[g173,11]":0.0519259867754895,"is_on[g173,11]":-1.0,"overflow[l2375,11]":-0.0519259867754896,"rhs":0.0},"f1":{"prod_above[g173,11]":0.0259629933877448,"is_on[g173,12]":-1.0,"is_on[g173,11]":-0.261400090766633,"overflow[l2375,11]":-0.0259629933877448,"rhs":0.0},"f36":{"overflow[l2375,15]":-0.0571211837337146,"is_on[g173,15]":-1.0,"prod_above[g173,15]":0.0571211837337145,"rhs":0.0},"f38":{"is_on[g173,17]":-1.0,"prod_above[g173,17]":0.0542981020098443,"rhs":0.0,"overflow[l2375,17]":-0.0542981020098444},"f40":{"prod_above[g173,24]":0.0572896824146455,"overflow[l2375,24]":-0.0572896824146455,"rhs":0.0,"is_on[g173,24]":-1.0},"f135":{"prod_above[g105,35]":0.0014007956519303,"switch_on[g105,35]":0.234801367176556,"switch_off[g105,36]":0.234801367176556,"segprod[g105,4,35]":-0.0014007956519303,"rhs":0.0,"is_on[g105,35]":-1.0},"f83":{"prod_above[g132,19]":0.0388953714507974,"is_on[g132,19]":-1.0,"segprod[g132,4,19]":-0.0388953714507974,"rhs":0.0,"switch_on[g132,19]":0.183197199533256},"f37":{"overflow[l2375,16]":-0.0566536929709762,"rhs":0.0,"prod_above[g173,16]":0.0566536929709761,"is_on[g173,16]":-1.0},"f39":{"overflow[l2375,23]":-0.0534766507573631,"prod_above[g173,23]":0.053476650757363,"rhs":0.0,"is_on[g173,23]":-1.0},"f12":{"prod_above[g105,33]":0.00183063010288141,"overflow[l2307,33]":-0.00183063010288142,"is_on[g105,34]":-0.669369897118593,"rhs":0.0,"is_on[g105,33]":-1.0},"f19":{"prod_above[g173,20]":0.0812838293137114,"is_on[g173,20]":-1.0,"rhs":0.0,"overflow[l2375,20]":-0.0812838293137115},"f41":{"is_on[g173,30]":-1.0,"rhs":0.0,"prod_above[g173,30]":0.0531213860857029,"overflow[l2375,30]":-0.053121386085703},"f30":{"prod_above[g173,9]":0.0547734815284648,"overflow[l2375,9]":-0.0547734815284648,"rhs":0.0,"is_on[g173,9]":-1.0},"f17":{"prod_above[g173,18]":0.0919224101320539,"overflow[l2375,18]":-0.091922410132054,"rhs":0.0,"is_on[g173,18]":-1.0},"f7":{"prod_above[g173,22]":0.0253425424753684,"rhs":0.0,"is_on[g173,22]":-0.267102034651372,"is_on[g173,23]":-1.0,"overflow[l2375,22]":-0.0253425424753684},"f26":{"is_on[g173,33]":-1.0,"prod_above[g173,33]":0.0868400805181205,"overflow[l2375,33]":-0.0868400805181206,"rhs":0.0},"f34":{"overflow[l2375,13]":-0.0547033383259245,"prod_above[g173,13]":0.0547033383259245,"rhs":0.0,"is_on[g173,13]":-1.0}}