{"i0":{"switch_off[g105,34]":0.400971587108378,"prod_above[g105,33]":0.00109659944512068,"overflow[l2307,33]":-0.00109659944512068,"rhs":0.0,"is_on[g105,33]":-1.0},"file name":"2017-02-26.1.final.mps.gz"}