{"i255":{"curtail[b1718,23]":0.136880936329074,"switch_off[g172,27]":-1.0,"switch_off[g172,26]":-1.0,"is_on[g172,23]":-0.302506869287275,"is_on[g172,27]":-1.0,"switch_off[g172,25]":-1.0,"rhs":0.0,"overflow[l2374,23]":-0.136880936329074,"switch_off[g172,24]":-1.0,"prod_above[g172,23]":0.136880936329074},"i0":{"overflow[l2431,22]":-0.00121460932091193,"switch_off[g229,23]":0.29910969136777,"is_on[g229,22]":-1.0,"rhs":0.0,"prod_above[g229,22]":0.00121460932091193},"i1":{"prod_above[g229,23]":0.00121460932091193,"overflow[l2431,23]":-0.00121460932091193,"is_on[g229,23]":-1.0,"rhs":0.0,"switch_off[g229,24]":0.29910969136777},"file name":"2017-02-24.1.final.mps.gz"}