{"i4":{"prod_above[g184,24]":0.00969932104752673,"switch_off[g184,25]":0.0258001939864151,"overflow[l2386,24]":-0.00969932104752671,"is_on[g184,24]":-1.0,"rhs":0.0},"i3":{"switch_off[g265,25]":0.144493717664449,"is_on[g265,24]":-1.0,"segprod[g265,2,24]":0.0369549150036955,"rhs":0.0},"file name":"2017-02-10.1.final.mps.gz","i2":{"switch_off[g265,25]":0.144493717664449,"is_on[g265,24]":-1.0,"rhs":0.0,"segprod[g265,1,24]":0.0369549150036955}}