{"f107":{"prod_above[g173,31]":0.0702377900381732,"rhs":0.0,"overflow[l2375,31]":-0.0702377900381733,"is_on[g173,31]":-1.0},"f253":{"switch_off[g131,36]":0.170833333333333,"prod_above[g131,35]":0.0347222222222222,"segprod[g131,4,35]":-0.0347222222222222,"rhs":0.0,"is_on[g131,35]":-1.0,"switch_on[g131,35]":0.170833333333333},"f185":{"prod_above[g130,20]":0.0346020761245675,"segprod[g130,4,20]":-0.0346020761245675,"is_on[g130,20]":-1.0,"switch_off[g130,21]":0.170588235294117,"rhs":0.0,"switch_on[g130,20]":0.170588235294117},"f62":{"segprod[g131,3,34]":0.071225071225071,"segprod[g131,2,34]":0.071225071225071,"is_on[g131,34]":-1.0,"rhs":0.0,"segprod[g131,1,34]":0.071225071225071,"is_on[g131,35]":-0.350427350427349},"f237":{"switch_on[g127,33]":0.170647282796816,"prod_above[g127,33]":0.0346140533056421,"segprod[g127,4,33]":-0.0346140533056421,"rhs":0.0,"is_on[g127,33]":-1.0,"switch_off[g127,34]":0.170647282796816},"f111":{"is_on[g173,33]":-1.0,"prod_above[g173,33]":0.0670173460996899,"overflow[l2375,33]":-0.06701734609969,"rhs":0.0},"f76":{"prod_above[g173,9]":0.0886734714688654,"overflow[l2375,9]":-0.0886734714688655,"rhs":0.0,"is_on[g173,9]":-1.0},"f95":{"prod_above[g173,22]":0.0776615787977661,"rhs":0.0,"is_on[g173,22]":-1.0,"overflow[l2375,22]":-0.0776615787977662},"f100":{"is_on[g173,27]":-1.0,"overflow[l2375,27]":-0.110681788750522,"prod_above[g173,27]":0.110681788750522,"rhs":0.0},"r307":{"prod_above[g275,33]":0.008948023653906,"switch_off[g275,33]":0.00483297022512711,"is_on[g275,36]":-0.25,"segprod[g275,1,35]":0.0175070028011204,"segprod[g275,2,35]":0.0175070028011204,"is_on[g275,33]":-0.669117647058823,"is_on[g275,35]":-1.0,"switch_off[g275,36]":0.127777777777778,"segprod[g275,2,33]":0.0175070028011204,"segprod[g275,3,35]":0.0175070028011204,"switch_off[g275,34]":0.127777777777778,"prod_above[g275,35]":0.008948023653906,"segprod[g275,1,33]":0.0175070028011204,"segprod[g275,4,33]":-0.008948023653906,"switch_on[g275,35]":0.127777777777778,"rhs":0.0,"is_on[g275,32]":-0.0808823529411765,"prod_above[g275,32]":0.00323339212228101,"segprod[g275,4,35]":0.0175070028011204,"segprod[g275,3,33]":0.0175070028011204,"switch_on[g275,33]":0.0468954248366013},"f92":{"is_on[g173,21]":-1.0,"prod_above[g173,21]":0.0716445285073567,"rhs":0.0,"overflow[l2375,21]":-0.0716445285073567},"f102":{"overflow[l2375,29]":-0.102840982131377,"prod_above[g173,29]":0.102840982131377,"is_on[g173,29]":-1.0,"rhs":0.0},"f65":{"segprod[g173,4,36]":-0.0140171104063306,"is_on[g173,36]":-1.0,"overflow[l2375,35]":-0.0140171104063306,"prod_above[g173,35]":0.0140171104063306,"segprod[g173,3,36]":-0.0140171104063306,"rhs":0.0,"is_on[g173,35]":-0.204516088699159},"f112":{"segprod[g205,2,33]":0.0345661942620118,"segprod[g205,3,33]":0.0345661942620118,"rhs":0.0,"segprod[g205,1,33]":0.0345661942620118,"switch_off[g205,34]":0.170411337711718,"is_on[g205,33]":-1.0},"f120":{"overflow[l2375,35]":-0.0685379350616763,"prod_above[g173,35]":0.0685379350616762,"rhs":0.0,"is_on[g173,35]":-1.0},"r309":{"is_on[g132,32]":-0.338366506520247,"prod_above[g132,32]":0.00355654868012027,"switch_off[g132,33]":0.0861040435457119,"is_on[g132,34]":-1.0,"prod_above[g132,34]":0.0105109359572723,"segprod[g132,3,34]":0.0205528240624959,"segprod[g132,3,33]":0.00695438727715202,"segprod[g132,3,32]":0.00695438727715202,"switch_on[g132,33]":-0.0342851292763594,"segprod[g132,2,34]":0.0205528240624959,"is_on[g132,33]":-0.371121670595633,"segprod[g132,4,32]":0.00695438727715202,"segprod[g132,1,32]":0.00695438727715202,"prod_above[g132,33]":0.00355654868012027,"segprod[g132,2,32]":0.00695438727715202,"segprod[g132,1,33]":0.00695438727715202,"segprod[g132,1,34]":0.0205528240624959,"rhs":0.0,"switch_off[g132,34]":0.0518189142693524,"segprod[g132,4,33]":0.00695438727715202,"segprod[g132,2,33]":0.00695438727715202,"segprod[g132,4,34]":-0.0105109359572723,"switch_off[g132,35]":0.153144336897457,"switch_on[g132,34]":-0.0518189142693524},"f89":{"prod_above[g173,20]":0.0705260396243489,"is_on[g173,20]":-1.0,"rhs":0.0,"overflow[l2375,20]":-0.070526039624349},"f184":{"switch_on[g129,20]":0.205416666666667,"switch_off[g129,21]":0.205416666666667,"segprod[g129,3,20]":0.0416666666666667,"segprod[g129,2,20]":0.0416666666666667,"segprod[g129,1,20]":0.0416666666666667,"rhs":0.0,"is_on[g129,20]":-1.0},"f75":{"prod_above[g173,8]":0.0933514186148308,"is_on[g173,8]":-1.0,"overflow[l2375,8]":-0.0933514186148309,"rhs":0.0},"f70":{"overflow[l2375,5]":-0.122516738849442,"rhs":0.0,"is_on[g173,5]":-1.0,"prod_above[g173,5]":0.122516738849442},"f113":{"switch_on[g270,33]":0.170411337711718,"switch_off[g270,34]":0.170411337711718,"is_on[g270,33]":-1.0,"segprod[g270,3,33]":0.0345661942620118,"rhs":0.0,"segprod[g270,1,33]":0.0345661942620118,"segprod[g270,2,33]":0.0345661942620118},"f66":{"segprod[g173,2,1]":0.11195801126745,"is_on[g173,1]":-1.0,"overflow[l2375,1]":-0.11195801126745,"segprod[g173,1,1]":0.11195801126745,"rhs":0.0,"segprod[g173,3,1]":0.11195801126745,"segprod[g173,4,1]":0.11195801126745},"r303":{"overflow[l2375,29]":-0.102840982131376,"segprod[g173,3,29]":-0.0905860134709219,"prod_above[g173,29]":0.0905860134709219,"is_on[g173,29]":-1.0,"segprod[g173,1,29]":0.0122549686604544,"segprod[g173,2,29]":-0.0905860134709219,"segprod[g173,4,29]":-0.0905860134709219,"rhs":0.0},"r310":{"prod_above[g24,33]":0.0105109359572723,"switch_on[g24,34]":-0.101325422628105,"is_on[g24,33]":-1.0,"segprod[g24,1,33]":0.0205528240624959,"segprod[g24,2,33]":0.0205528240624959,"switch_off[g24,34]":0.254469759525562,"is_on[g24,34]":0.101325422628105,"segprod[g24,3,33]":0.0205528240624959,"rhs":0.0,"switch_on[g24,33]":0.153144336897457,"segprod[g24,4,33]":-0.0105109359572723},"r311":{"switch_on[g270,33]":0.170411337711718,"switch_off[g270,34]":0.170411337711718,"is_on[g270,33]":-1.0,"prod_above[g270,33]":0.0116960423961371,"segprod[g270,3,33]":0.0228701518658746,"segprod[g270,4,33]":-0.0116960423961371,"rhs":0.0,"segprod[g270,1,33]":0.0228701518658746,"segprod[g270,2,33]":0.0228701518658746},"f224":{"switch_on[g103,30]":0.20441944230847,"segprod[g103,4,30]":-0.00134903611369676,"is_on[g103,30]":-1.0,"prod_above[g103,30]":0.00134903611369676,"rhs":0.0},"f246":{"prod_above[g128,34]":0.0345661942620118,"is_on[g128,34]":-1.0,"segprod[g128,4,34]":-0.0345661942620118,"switch_off[g128,35]":0.170411337711718,"rhs":0.0,"switch_on[g128,34]":0.170411337711718},"f108":{"overflow[l2375,32]":-0.0653907621162529,"prod_above[g173,32]":0.0653907621162528,"is_on[g173,32]":-1.0,"rhs":0.0},"r317":{"is_on[g132,32]":-0.191142391954508,"prod_above[g132,32]":0.00137647069443672,"switch_off[g132,33]":0.0435807899136053,"switch_off[g132,36]":0.310562283259419,"segprod[g132,1,35]":0.00614840008503761,"is_on[g132,35]":-1.0,"is_on[g132,34]":-0.56489749508665,"prod_above[g132,34]":0.00406798742757464,"segprod[g132,3,34]":0.0141028420326684,"segprod[g132,3,33]":0.00477192939060089,"segprod[g132,3,32]":0.00477192939060089,"switch_on[g132,33]":-0.0132691774943699,"switch_on[g132,35]":-0.0592705768197625,"segprod[g132,2,34]":0.0141028420326684,"is_on[g132,33]":-0.213618179384238,"segprod[g132,4,32]":0.00477192939060089,"segprod[g132,1,32]":0.00477192939060089,"prod_above[g132,33]":0.00137647069443672,"segprod[g132,2,32]":0.00477192939060089,"segprod[g132,1,33]":0.00477192939060089,"segprod[g132,1,34]":0.0141028420326684,"segprod[g132,4,35]":-0.0213151875950185,"switch_off[g132,34]":0.020055178017943,"rhs":0.0,"segprod[g132,4,33]":0.00477192939060089,"segprod[g132,2,33]":0.00477192939060089,"segprod[g132,4,34]":-0.00406798742757464,"switch_off[g132,35]":0.0592705768197625,"switch_on[g132,34]":-0.020055178017943,"prod_above[g132,35]":0.0213151875950185,"segprod[g132,3,35]":0.00614840008503761,"segprod[g132,2,35]":0.00614840008503761},"f88":{"prod_above[g173,19]":0.0685253482115556,"is_on[g173,19]":-1.0,"overflow[l2375,19]":-0.0685253482115557,"rhs":0.0},"r308":{"prod_above[g275,33]":0.0133728705157277,"switch_off[g275,33]":0.00722290055623392,"is_on[g275,33]":-1.0,"segprod[g275,2,33]":0.0261643118785976,