{"r201":{"switch_on[g129,18]":0.170411337711718,"segprod[g129,2,18]":0.0228701518658746,"switch_off[g129,19]":0.170411337711718,"segprod[g129,4,18]":-0.0116960423961371,"segprod[g129,3,18]":0.0228701518658746,"prod_above[g129,18]":0.0116960423961371,"segprod[g129,1,18]":0.0228701518658746,"rhs":0.0,"is_on[g129,18]":-1.0},"f27":{"overflow[l2374,21]":-0.03488598040594,"is_on[g172,21]":-1.0,"rhs":0.0,"prod_above[g172,21]":0.03488598040594},"f52":{"overflow[l2374,14]":-0.0356775887658408,"rhs":0.0,"prod_above[g172,14]":0.0356775887658408,"is_on[g172,14]":-1.0},"f2":{"overflow[l2374,13]":-0.0221894902585922,"rhs":0.0,"is_on[g172,13]":-0.634024521161901,"prod_above[g172,13]":0.0221894902585922,"is_on[g172,14]":-1.0},"file name":"2017-01-14.1.final.mps.gz","f56":{"is_on[g172,35]":-1.0,"prod_above[g172,35]":0.0369123961792716,"overflow[l2374,35]":-0.0369123961792717,"rhs":0.0},"f72":{"segprod[g172,1,8]":0.0357509431992587,"is_on[g172,8]":-1.0,"overflow[l2374,8]":-0.0357509431992587,"rhs":0.0},"f45":{"is_on[g173,17]":-1.0,"prod_above[g173,17]":0.019813738965481,"rhs":0.0,"overflow[l2375,17]":-0.019813738965481},"r200":{"switch_on[g128,18]":0.170411337711718,"is_on[g128,18]":-1.0,"segprod[g128,1,18]":0.0228701518658746,"segprod[g128,3,18]":0.0228701518658746,"segprod[g128,2,18]":0.0228701518658746,"segprod[g128,4,18]":-0.0116960423961371,"prod_above[g128,18]":0.0116960423961371,"rhs":0.0,"switch_off[g128,19]":0.170411337711718},"r194":{"overflow[l2374,21]":-0.0348859804059401,"segprod[g172,1,21]":0.00276555248194855,"is_on[g172,21]":-1.0,"segprod[g172,2,21]":0.00276555248194855,"rhs":0.0,"segprod[g172,3,21]":-0.0321204279239915,"prod_above[g172,21]":0.0321204279239915,"segprod[g172,4,21]":-0.0321204279239915},"f51":{"is_on[g172,8]":-1.0,"overflow[l2374,8]":-0.0357509431992589,"rhs":0.0,"prod_above[g172,8]":0.0357509431992589},"r192":{"startup[g136,1,20]":-0.11820114199975,"startup[g136,2,13]":-0.11820114199975,"startup[g136,3,22]":-0.11820114199975,"startup[g136,3,18]":-0.11820114199975,"is_on[g136,11]":0.161349143500188,"startup[g136,3,13]":-0.11820114199975,"startup[g136,3,12]":-0.11820114199975,"startup[g136,3,17]":-0.11820114199975,"switch_off[g136,13]":-0.161349143500188,"prod_above[g136,22]":0.00142233024947274,"switch_on[g136,16]":-0.11820114199975,"startup[g136,1,14]":-0.11820114199975,"startup[g136,2,17]":-0.11820114199975,"switch_on[g136,19]":-0.11820114199975,"switch_off[g136,14]":-0.161349143500188,"startup[g136,3,20]":-0.11820114199975,"startup[g136,3,15]":-0.11820114199975,"switch_off[g136,23]":0.381596982631041,"rhs":0.0,"startup[g136,1,12]":-0.11820114199975,"switch_off[g136,16]":-0.161349143500188,"startup[g136,1,22]":-0.11820114199975,"is_on[g136,22]":-1.0,"startup[g136,1,18]":-0.11820114199975,"switch_off[g136,18]":-0.161349143500188,"switch_off[g136,12]":-0.161349143500188,"startup[g136,2,12]":-0.11820114199975,"startup[g136,1,17]":-0.11820114199975,"segprod[g136,3,22]":0.00104197057475097,"startup[g136,2,18]":-0.11820114199975,"switch_off[g136,17]":-0.161349143500188,"switch_off[g136,19]":-0.161349143500188,"startup[g136,2,15]":-0.11820114199975,"switch_off[g136,15]":-0.161349143500188,"switch_off[g136,20]":-0.161349143500188,"segprod[g136,1,22]":0.00104197057475097,"startup[g136,3,14]":-0.11820114199975,"startup[g136,2,20]":-0.11820114199975,"segprod[g136,4,22]":-0.00142233024947274,"startup[g136,2,22]":-0.11820114199975,"startup[g136,1,13]":-0.11820114199975,"switch_off[g136,21]":-0.161349143500188,"switch_on[g136,21]":-0.11820114199975,"startup[g136,1,15]":-0.11820114199975,"switch_off[g136,22]":-0.161349143500188,"segprod[g136,2,22]":0.00104197057475097,"startup[g136,2,14]":-0.11820114199975},"f46":{"overflow[l2374,20]":-0.034127176972619,"is_on[g172,20]":-1.0,"prod_above[g172,20]":0.034127176972619,"rhs":0.0},"f42":{"prod_above[g173,14]":0.0201374177386485,"is_on[g173,14]":-1.0,"rhs":0.0,"overflow[l2375,14]":-0.0201374177386485},"f38":{"prod_above[g173,9]":0.0199092417306466,"overflow[l2375,9]":-0.0199092417306466,"rhs":0.0,"is_on[g173,9]":-1.0},"f36":{"prod_above[g172,34]":0.0370440754113649,"is_on[g172,34]":-1.0,"rhs":0.0,"overflow[l2374,34]":-0.0370440754113649},"f48":{"prod_above[g173,22]":0.020161855342317,"rhs":0.0,"is_on[g173,22]":-1.0,"overflow[l2375,22]":-0.020161855342317},"f105":{"overflow[l2374,15]":-0.0357082535700218,"segprod[g172,2,15]":-0.0357082535700218,"prod_above[g172,15]":0.0357082535700218,"segprod[g172,4,15]":-0.0357082535700218,"is_on[g172,15]":-1.0,"rhs":0.0,"segprod[g172,3,15]":-0.0357082535700218},"r195":{"startup[g109,1,26]":-0.13079289208173,"is_on[g109,27]":0.13079289208173,"startup[g109,2,27]":-0.13079289208173,"segprod[g109,2,23]":0.00107180932624543,"startup[g109,1,25]":-0.13079289208173,"switch_on[g109,23]":0.238417009551274,"segprod[g109,4,23]":-0.000881948024826229,"startup[g109,2,25]":-0.13079289208173,"switch_on[g109,24]":-0.13079289208173,"switch_off[g109,27]":0.13079289208173,"is_on[g109,23]":-1.0,"startup[g109,2,26]":-0.13079289208173,"startup[g109,1,27]":-0.13079289208173,"prod_above[g109,23]":0.000881948024826229,"switch_off[g109,24]":0.369209901633004,"switch_off[g109,26]":0.13079289208173,"startup[g109,3,26]":-0.13079289208173,"rhs":0.0,"segprod[g109,3,23]":0.00107180932624543,"segprod[g109,1,23]":0.00107180932624543,"switch_off[g109,25]":0.13079289208173,"startup[g109,3,25]":-0.13079289208173,"startup[g109,3,27]":-0.13079289208173},"r196":{"segprod[g173,1,23]":0.00166223215416017,"segprod[g173,3,23]":-0.0188661056765897,"overflow[l2375,23]":-0.0205283378307499,"segprod[g173,4,23]":-0.0188661056765897,"prod_above[g173,23]":0.0188661056765897,"rhs":0.0,"is_on[g173,23]":-1.0,"segprod[g173,2,23]":0.00166223215416017},"r202":{"segprod[g270,2,18]":0.0205528240624959,"segprod[g270,1,18]":0.0205528240624959,"segprod[g270,4,18]":-0.0105109359572723,"prod_above[g270,18]":0.0105109359572723,"switch_on[g270,19]":-0.101325422628105,"switch_on[g270,18]":0.153144336897457,"switch_off[g270,19]":0.101325422628105,"is_on[g270,20]":-0.0518189142693524,"is_on[g270,18]":-1.0,"switch_off[g270,20]":0.101325422628105,"rhs":0.0,"switch_on[g270,20]":0.0518189142693524,"segprod[g270,3,18]":0.0205528240624959},"f40":{"overflow[l2374,12]":-0.0342915301292241,"rhs":0.0,"prod_above[g172,12]":0.0342915301292241,"is_on[g172,12]":-1.0},"f54":{"overflow[l2374,16]":-0.0357372724384505,"prod_above[g172,16]":0.0357372724384504,"rhs":0.0,"is_on[g172,16]":-1.0},"f21":{"overflow[l2374,18]":-0.0325499853850563,"rhs":0.0,"is_on[g172,18]":-1.0,"prod_above[g172,18]":0.0325499853850563},"f44":{"overflow[l2375,16]":-0.0201564178336728,"rhs":0.0,"prod_above[g173,16]":0.0201564178336728,"is_on[g173,16]":-1.0},"f55":{"overflow[l2374,33]":-0.0374786184481752,"rhs":0.0,"prod_above[g172,33]":0.0374786184481752,"is_on[g172,33]":-1.0},"f37":{"prod_above[g173,8]":0.0201607659800783,"is_on[g173,8]":-1.0,"overflow[l2375,8]":-0.0201607659800783,"rhs":0.0},"f47":{"is_on[g173,21]":-1.0,"prod_above[g173,21]":0.0198827672278709,"rhs":0.0,"overflow[l2375,21]":-0.0198827672278709},"f53":{"overflow[l2374,15]":-0.0357082535700219,"prod_above[g172,15]":0.0357082535700219,"is_on[g172,15]":-1.0,"rhs":0.0},"r203":{"switch_off[g24,19]":0.254469759525562,"switch_on[g24,19]":-0.101325422628105,"segprod[g24,3,18]":0.0205528240624959,"is_on[g24,18]":-1.0,"is_on[g24,19]":0.101325422628105,"segprod[g24,4,18]":-0.0105109359572723,"switch_on[g24,18]":0.153144336897457,"rhs":0.0,"segprod[g24,1,18]":0.0205528240624959,"prod_above[g24,18]":0.0105109359572723,"segprod[g24,2,18]":0.0205528240624959},"f39":{"is_on[g172,10]":-1.0,"rhs":0.0,"prod_above[g172,10]":0.0339158493512237,"overflow[l2374,10]":-0.0339158493512237},"f12":{"prod_above[g172,24]":-0.0369233268655973,"is_on[g172,23]":-1.0,"rhs":0.0,"is_on[g172,24]":-0.776983105731785,"overflow[l2374,23]":-0.0369233268655973,"prod_above[g172,23]":0.0369233268655973},"f49":{"prod_above[g172,17]":0.0346740277315938,"overflow[l2374,17]":-0.0346740277315938,"is_on[g172,17]":-1.0,"rhs":0.0},