{"r171":{"prod_above[g173,19]":0.0725103178310832,"is_on[g173,19]":-1.0,"overflow[l2375,19]":-0.0836484090072589,"segprod[g173,3,19]":-0.0725103178310832,"segprod[g173,4,19]":-0.0725103178310832,"rhs":0.0,"segprod[g173,2,19]":-0.0725103178310832,"segprod[g173,1,19]":0.0111380911761756},"f262":{"segprod[g132,2,7]":0.0388953714507974,"switch_on[g132,7]":0.183197199533256,"segprod[g132,1,7]":0.0388953714507974,"segprod[g132,3,7]":0.0388953714507974,"rhs":0.0,"is_on[g132,7]":-1.0},"f27":{"overflow[l2375,35]":-0.0973125201315258,"prod_above[g173,35]":0.0973125201315257,"rhs":0.0,"is_on[g173,35]":-1.0},"r170":{"segprod[g173,3,31]":-0.0835868682910157,"prod_above[g173,31]":0.0835868682910157,"segprod[g173,2,31]":0.00590924176055883,"overflow[l2375,31]":-0.0894961100515747,"segprod[g173,4,31]":-0.0835868682910157,"segprod[g173,1,31]":0.00590924176055883,"rhs":0.0,"is_on[g173,31]":-1.0},"f24":{"is_on[g173,33]":-1.0,"prod_above[g173,33]":0.0919055137793904,"overflow[l2375,33]":-0.0919055137793904,"rhs":0.0},"f13":{"prod_above[g173,8]":0.0803361908916414,"is_on[g173,8]":-1.0,"overflow[l2375,8]":-0.0803361908916415,"rhs":0.0},"f73":{"is_on[g115,21]":-1.0,"prod_above[g115,21]":0.00121212121212121,"switch_on[g115,21]":0.211393939393939,"rhs":0.0,"segprod[g115,4,21]":-0.00121212121212121,"switch_off[g115,22]":0.211393939393939},"f253":{"segprod[g273,1,9]":0.00206598764539388,"is_on[g273,9]":-1.0,"switch_off[g273,10]":0.252422370514224,"switch_on[g273,9]":0.252422370514224,"segprod[g273,2,9]":0.00206598764539388,"segprod[g273,3,9]":0.00206598764539388,"rhs":0.0},"r246":{"is_on[g273,21]":-1.0,"switch_off[g273,21]":-0.125601695029577,"prod_above[g273,21]":0.000778490734037295,"segprod[g273,1,21]":0.00102800536118495,"segprod[g273,4,21]":-0.000778490734037295,"switch_off[g273,22]":0.220717692914254,"segprod[g273,3,21]":0.00102800536118495,"rhs":0.0,"is_on[g273,20]":0.125601695029577,"switch_on[g273,21]":0.125601695029577,"segprod[g273,2,21]":0.00102800536118495},"f259":{"switch_off[g129,8]":0.183197199533256,"prod_above[g129,7]":0.0388953714507973,"switch_on[g129,7]":0.183197199533256,"is_on[g129,7]":-1.0,"rhs":0.0,"segprod[g129,4,7]":-0.0388953714507973},"file name":"2017-02-27.1.final.mps.gz","f31":{"is_on[g173,30]":-1.0,"rhs":0.0,"prod_above[g173,30]":0.0582198579784786,"overflow[l2375,30]":-0.0582198579784787},"f11":{"segprod[g173,4,36]":-0.0171237245607808,"is_on[g173,36]":-1.0,"overflow[l2375,35]":-0.0171237245607808,"prod_above[g173,35]":0.0171237245607808,"segprod[g173,3,36]":-0.0171237245607808,"rhs":0.0,"is_on[g173,35]":-0.175966304619762},"f46":{"is_on[g112,9]":-1.0,"segprod[g112,4,9]":-0.00121212121212121,"prod_above[g112,9]":0.00121212121212121,"rhs":0.0,"switch_off[g112,10]":0.213212121212121},"f260":{"segprod[g129,2,7]":0.0388953714507974,"switch_off[g129,8]":0.183197199533256,"segprod[g129,3,7]":0.0388953714507974,"switch_on[g129,7]":0.183197199533256,"is_on[g129,7]":-1.0,"rhs":0.0,"segprod[g129,1,7]":0.0388953714507974},"f100":{"segprod[g132,4,32]":-0.0388953714507974,"is_on[g132,32]":-1.0,"prod_above[g132,32]":0.0388953714507974,"rhs":0.0,"switch_off[g132,33]":0.183197199533256},"f23":{"overflow[l2375,32]":-0.089576518053249,"prod_above[g173,32]":0.0895765180532489,"is_on[g173,32]":-1.0,"rhs":0.0},"f21":{"prod_above[g173,31]":0.0894961100515747,"rhs":0.0,"overflow[l2375,31]":-0.0894961100515748,"is_on[g173,31]":-1.0},"f276":{"is_on[g132,33]":-1.0,"prod_above[g132,33]":0.0388953714507974,"rhs":0.0,"switch_off[g132,34]":0.183197199533256,"segprod[g132,4,33]":-0.0388953714507974},"r172":{"segprod[g173,1,22]":0.0122672690724009,"prod_above[g173,22]":0.0908929407967273,"segprod[g173,2,22]":-0.0908929407967273,"rhs":0.0,"is_on[g173,22]":-1.0,"overflow[l2375,22]":-0.103160209869128,"segprod[g173,3,22]":-0.0908929407967273,"segprod[g173,4,22]":-0.0908929407967273},"f17":{"prod_above[g173,20]":0.0867897345102003,"is_on[g173,20]":-1.0,"rhs":0.0,"overflow[l2375,20]":-0.0867897345102004},"f7":{"prod_above[g173,22]":0.0264779179459915,"rhs":0.0,"is_on[g173,22]":-0.256667934076346,"is_on[g173,23]":-1.0,"overflow[l2375,22]":-0.0264779179459915},"f30":{"prod_above[g173,24]":0.0596363020483283,"overflow[l2375,24]":-0.0596363020483283,"rhs":0.0,"is_on[g173,24]":-1.0},"f183":{"is_on[g81,9]":-1.0,"switch_off[g81,10]":0.315044247787611,"segprod[g81,3,9]":0.0023598820058997,"segprod[g81,1,9]":0.0023598820058997,"rhs":0.0,"segprod[g81,2,9]":0.0023598820058997},"f15":{"prod_above[g173,18]":0.089255749855404,"overflow[l2375,18]":-0.0892557498554041,"rhs":0.0,"is_on[g173,18]":-1.0}}