{"r113":{"segprod[g287,2,21]":0.000959198421643691,"switch_off[g287,20]":-0.161049414993976,"is_on[g287,18]":-0.218718731517338,"switch_off[g287,21]":-0.161049414993976,"switch_on[g287,24]":0.279635115861785,"segprod[g287,4,18]":0.00307181223417709,"segprod[g287,4,21]":-0.00130267261177688,"segprod[g287,1,21]":0.000959198421643691,"is_on[g287,24]":-0.738817554356495,"prod_above[g287,21]":0.00130267261177688,"switch_on[g287,21]":0.379768146511314,"switch_off[g287,25]":0.279635115861785,"rhs":0.0,"segprod[g287,3,21]":0.000959198421643691,"switch_off[g287,22]":0.379768146511314,"is_on[g287,21]":-1.0},"r116":{"startup[g152,3,7]":-0.333333333333333,"switch_off[g152,14]":-0.166666666666667,"switch_on[g152,3]":1.0,"startup[g152,1,7]":-0.333333333333333,"switch_on[g152,8]":0.5,"switch_on[g152,16]":0.0833333333333333,"is_on[g152,8]":-0.333333333333333,"startup[g152,3,10]":-0.5,"switch_off[g152,6]":-0.666666666666667,"startup[g152,2,17]":0.0833333333333333,"startup[g152,1,17]":0.0833333333333333,"switch_off[g152,16]":-0.0833333333333333,"switch_off[g152,12]":-0.166666666666667,"is_on[g152,9]":-0.166666666666667,"startup[g152,1,10]":0.166666666666667,"switch_off[g152,8]":-0.666666666666667,"is_on[g152,4]":-0.5,"switch_off[g152,13]":-0.166666666666667,"switch_off[g152,7]":-0.666666666666667,"startup[g152,1,12]":0.166666666666667,"startup[g152,2,9]":0.166666666666667,"is_on[g152,3]":-0.5,"switch_off[g152,19]":0.583333333333333,"is_on[g152,16]":-0.666666666666667,"startup[g152,2,11]":0.166666666666667,"rhs":0.0,"switch_on[g152,15]":0.166666666666667,"switch_off[g152,17]":-0.0833333333333333,"switch_on[g152,7]":0.333333333333333,"switch_off[g152,4]":-0.5,"startup[g152,2,8]":-0.5,"switch_off[g152,11]":-0.166666666666667,"switch_off[g152,5]":-0.666666666666667,"switch_off[g152,9]":-0.333333333333333,"switch_off[g152,15]":-0.166666666666667,"switch_on[g152,4]":0.5,"switch_on[g152,19]":-0.583333333333333,"startup[g152,1,8]":-0.5,"is_on[g152,19]":0.583333333333333,"startup[g152,1,11]":0.166666666666667,"startup[g152,3,11]":-0.5,"startup[g152,2,18]":0.0833333333333333,"startup[g152,3,18]":-0.583333333333333,"startup[g152,3,12]":-0.5,"is_on[g152,15]":-0.0833333333333333,"startup[g152,2,7]":-0.333333333333333,"switch_off[g152,10]":-0.833333333333333,"is_on[g152,2]":-0.333333333333333,"startup[g152,2,12]":0.166666666666667,"startup[g152,1,9]":0.166666666666667,"switch_off[g152,2]":-0.666666666666667,"switch_on[g152,9]":0.166666666666667,"startup[g152,3,9]":-0.5,"startup[g152,2,10]":0.166666666666667,"switch_off[g152,18]":0.583333333333333,"startup[g152,1,18]":0.0833333333333333,"switch_off[g152,3]":-0.333333333333333,"startup[g152,3,17]":-0.583333333333333,"switch_on[g152,13]":-0.5,"startup[g152,3,8]":-0.5,"switch_on[g152,14]":-0.5},"f163":{"prod_above[g63,19]":0.00199425654116146,"segprod[g63,4,19]":-0.00199425654116146,"is_on[g63,19]":-1.0,"switch_off[g63,20]":0.248783503509891,"rhs":0.0},"r118":{"segprod[g215,4,17]":-0.00560475283040018,"segprod[g215,4,18]":0.00560475283040018,"prod_above[g215,17]":-0.00073519518202612,"prod_above[g215,18]":0.00073519518202612,"segprod[g215,3,18]":0.00560475283040018,"segprod[g215,3,17]":-0.00560475283040018,"is_on[g215,18]":-1.0,"segprod[g215,2,17]":-0.00560475283040018,"rhs":0.0,"segprod[g215,1,18]":0.00560475283040018,"segprod[g215,2,18]":0.00560475283040018,"segprod[g215,1,17]":-0.00560475283040018},"f50":{"switch_off[g34,19]":0.170413815575105,"switch_on[g34,18]":0.170413815575105,"is_on[g34,18]":-1.0,"prod_above[g34,18]":0.0325839035516455,"rhs":0.0,"segprod[g34,4,18]":-0.0325839035516455},"file name":"2017-01-21.1.final.mps.gz","r124":{"segprod[g15,4,20]":-0.0153894293119429,"segprod[g15,2,20]":0.0273939713583434,"segprod[g15,3,20]":0.0273939713583434,"prod_above[g15,20]":0.0153894293119429,"is_on[g15,19]":0.107110428011123,"switch_on[g15,20]":0.107110428011123,"rhs":0.0,"switch_off[g15,21]":0.16728309662082,"segprod[g15,1,20]":0.0273939713583434,"switch_off[g15,20]":-0.107110428011123,"is_on[g15,20]":-1.0},"r115":{"startup[g152,2,36]":0.25,"startup[g152,3,34]":-0.5,"startup[g152,3,35]":-0.5,"switch_off[g152,31]":-0.75,"is_on[g152,32]":-0.25,"switch_off[g152,28]":-0.75,"switch_off[g152,35]":0.5,"switch_off[g152,33]":-0.5,"startup[g152,2,34]":0.25,"startup[g152,2,35]":0.25,"switch_off[g152,30]":-0.75,"startup[g152,1,35]":0.25,"startup[g152,1,34]":0.25,"rhs":0.0,"is_on[g152,33]":-1.0,"switch_off[g152,34]":-0.25,"switch_off[g152,36]":0.5,"startup[g152,3,36]":-0.5,"switch_off[g152,32]":-0.75,"switch_on[g152,33]":0.5,"is_on[g152,36]":0.5,"switch_off[g152,29]":-0.75,"switch_off[g152,27]":-0.75,"startup[g152,1,36]":0.25},"r117":{"is_on[g152,22]":-0.350025121420198,"startup[g152,2,36]":0.0583375202366996,"startup[g152,3,34]":-0.116675040473399,"segprod[g152,4,25]":-0.0204762332908886,"startup[g152,3,35]":-0.116675040473399,"switch_off[g152,31]":-0.175012560710099,"is_on[g152,32]":-0.0583375202366996,"switch_off[g152,28]":-0.175012560710099,"is_on[g152,25]":-1.0,"segprod[g152,3,25]":-0.0204762332908886,"switch_off[g152,35]":0.116675040473399,"switch_off[g152,33]":-0.116675040473399,"prod_above[g152,25]":0.00929037381346651,"startup[g152,2,34]":0.0583375202366996,"is_on[g152,24]":-0.350025121420198,"startup[g152,2,35]":0.0583375202366996,"switch_off[g152,30]":-0.175012560710099,"startup[g152,1,35]":0.0583375202366996,"switch_on[g152,25]":0.175012560710099,"startup[g152,1,34]":0.0583375202366996,"is_on[g152,33]":-0.233350080946798,"rhs":0.0,"switch_off[g152,34]":-0.0583375202366996,"switch_off[g152,36]":0.116675040473399,"segprod[g152,1,25]":0.0409524665817772,"startup[g152,3,36]":-0.116675040473399,"switch_off[g152,26]":0.175012560710099,"switch_off[g152,32]":-0.175012560710099,"switch_on[g152,33]":0.116675040473399,"is_on[g152,36]":0.116675040473399,"switch_off[g152,29]":-0.175012560710099,"switch_off[g152,27]":-0.175012560710099,"segprod[g152,2,25]":0.0409524665817772,"startup[g152,1,36]":0.0583375202366996},"f36":{"segprod[g275,1,20]":0.0352733686067019,"segprod[g275,3,20]":0.0352733686067019,"switch_on[g275,20]":0.17037037037037,"is_on[g275,20]":-1.0,"segprod[g275,2,20]":0.0352733686067019,"rhs":0.0,"switch_off[g275,21]":0.17037037037037},"r128":{"segprod[g16,2,20]":0.0277932184546971,"is_on[g16,19]":0.107837687604225,"is_on[g16,20]":-1.0,"segprod[g16,3,20]":0.0277932184546971,"prod_above[g16,20]":0.0158119776545784,"switch_off[g16,20]":-0.107837687604225,"switch_off[g16,21]":0.169188160903989,"rhs":0.0,"switch_on[g16,20]":-0.0613504732997641,"segprod[g16,1,20]":0.0277932184546971,"segprod[g16,4,20]":-0.0158119776545784},"f160":{"prod_above[g40,17]":0.0335008375209381,"switch_on[g40,17]":0.171189279731992,"segprod[g40,4,17]":-0.0335008375209381,"rhs":0.0,"is_on[g40,17]":-1.0},"r112":{"segprod[g287,2,21]":0.000959198421643691,"switch_off[g287,20]":-0.161049414993976,"is_on[g287,18]":-0.118585700867809,"switch_off[g287,21]":-0.161049414993976,"segprod[g287,4,18]":0.00226187103342057,"segprod[g287,4,21]":-0.00130267261177688,"segprod[g287,1,21]":0.000959198421643691,"prod_above[g287,21]":0.00130267261177688,"switch_on[g287,21]":0.379768146511314,"rhs":0.0,"segprod[g287,3,21]":0.000959198421643691,"switch_off[g287,22]":0.379768146511314,"is_on[g287,21]":-1.0},"r114":{"switch_off[g152,13]":-1.0,"switch_off[g152,17]":-0.5,"switch_off[g152,14]":-1.0,"switch_off[g152,11]":-1.0,"switch_on[g152,16]":0.5,"switch_off[g152,19]":0.5,"switch_off[g152,18]":0.5,"startup[g152,2,17]":0.5,"startup[g152,1,17]":0.5,"switch_off[g152,15]":-1.0,"switch_off[g152,16]":-0.5,"switch_on[g152,19]":-0.5,"startup[g152,1,18]":0.5,"switch_off[g152,12]":-1.0,"is_on[g152,16]":-1.0,"is_on[g152,19]":0.5,"rhs":0.0,"startup[g152,2,18]":0.5,"startup[g152,3,18]":-0.5,"startup[g152,3,17]":-0.5,"is_on[g152,15]":-0.5,"switch_off[g152,10]":-1.0,"switch_on[g152,15]":1.0},"f21":{"segprod[g16,1,20]":0.113378684807256,"is_on[g16,22]":-0.879818594104306,"segprod[g16,2,20]":0.113378684807256,"is_on[g16,21]":-0.439909297052153,"is_on[g16,20]":-1.0,"rhs":0.0,