{"f52":{"overflow[l2375,29]":-0.138648372476076,"prod_above[g173,29]":0.138648372476075,"is_on[g173,29]":-1.0,"rhs":0.0},"f62":{"overflow[l2374,33]":-0.0429271509078231,"rhs":0.0,"prod_above[g172,33]":0.0429271509078231,"is_on[g172,33]":-1.0},"f51":{"prod_above[g173,28]":0.144183424385159,"overflow[l2375,28]":-0.144183424385159,"is_on[g173,28]":-1.0,"rhs":0.0},"f76":{"overflow[l2374,13]":-0.0430755420087763,"rhs":0.0,"is_on[g172,13]":-1.0,"prod_above[g172,13]":0.0430755420087763},"r293":{"segprod[g129,4,19]":-0.0116960423961371,"prod_above[g129,19]":0.0116960423961371,"segprod[g129,1,19]":0.0228701518658746,"switch_on[g129,19]":0.170411337711718,"segprod[g129,2,19]":0.0228701518658746,"rhs":0.0,"is_on[g129,19]":-1.0,"segprod[g129,3,19]":0.0228701518658746,"switch_off[g129,20]":0.170411337711718},"f65":{"overflow[l2375,34]":-0.0816121334391008,"is_on[g173,34]":-1.0,"rhs":0.0,"prod_above[g173,34]":0.0816121334391007},"f55":{"prod_above[g173,31]":0.0819386017669219,"rhs":0.0,"overflow[l2375,31]":-0.081938601766922,"is_on[g173,31]":-1.0},"r292":{"prod_above[g129,8]":0.0116960423961371,"segprod[g129,1,8]":0.0228701518658746,"is_on[g129,8]":-1.0,"segprod[g129,2,8]":0.0228701518658746,"segprod[g129,4,8]":-0.0116960423961371,"switch_on[g129,8]":0.170411337711718,"switch_off[g129,9]":0.170411337711718,"segprod[g129,3,8]":0.0228701518658746,"rhs":0.0},"f35":{"prod_above[g172,17]":0.0425824012045708,"overflow[l2374,17]":-0.0425824012045708,"is_on[g172,17]":-1.0,"rhs":0.0},"f64":{"prod_above[g172,34]":0.0422777921522268,"is_on[g172,34]":-1.0,"rhs":0.0,"overflow[l2374,34]":-0.0422777921522268},"f69":{"overflow[l2375,35]":-0.0822586920703418,"prod_above[g173,35]":0.0822586920703418,"rhs":0.0,"is_on[g173,35]":-1.0},"f50":{"is_on[g173,27]":-1.0,"overflow[l2375,27]":-0.145304274415833,"prod_above[g173,27]":0.145304274415833,"rhs":0.0},"f311":{"is_on[g127,19]":-1.0,"switch_on[g127,19]":0.170647282796816,"rhs":0.0,"segprod[g127,4,19]":-0.0346140533056421,"switch_off[g127,20]":0.170647282796816,"prod_above[g127,19]":0.0346140533056421},"f46":{"overflow[l2375,23]":-0.0975664964456507,"prod_above[g173,23]":0.0975664964456506,"rhs":0.0,"is_on[g173,23]":-1.0},"f48":{"is_on[g173,25]":-1.0,"overflow[l2375,25]":-0.129107223549152,"prod_above[g173,25]":0.129107223549152,"rhs":0.0},"f9":{"overflow[l2374,12]":-0.0233335526687283,"rhs":0.0,"is_on[g172,13]":-1.0,"prod_above[g172,12]":0.0233335526687283,"is_on[g172,12]":-0.551567151397893},"f135":{"is_on[g128,19]":-1.0,"switch_off[g128,20]":0.170411337711718,"switch_on[g128,19]":0.170411337711718,"segprod[g128,2,19]":0.0345661942620118,"rhs":0.0,"segprod[g128,3,19]":0.0345661942620118,"segprod[g128,1,19]":0.0345661942620118},"r289":{"overflow[l2375,35]":-0.0822586920703425,"prod_above[g173,35]":0.0711954525282152,"rhs":0.0,"segprod[g173,3,35]":-0.0711954525282152,"is_on[g173,35]":-1.0,"segprod[g173,2,35]":-0.0711954525282152,"segprod[g173,1,35]":0.0110632395421272,"segprod[g173,4,35]":-0.0711954525282152},"f53":{"is_on[g173,30]":-1.0,"rhs":0.0,"prod_above[g173,30]":0.110616287584645,"overflow[l2375,30]":-0.110616287584645},"f149":{"switch_off[g104,22]":0.23300631184135,"is_on[g104,21]":-1.0,"segprod[g104,3,21]":0.00139952136369362,"switch_on[g104,21]":0.23300631184135,"segprod[g104,2,21]":0.00139952136369362,"segprod[g104,1,21]":0.00139952136369362,"rhs":0.0},"f74":{"prod_above[g172,6]":0.0441164143943038,"overflow[l2374,6]":-0.0441164143943038,"is_on[g172,6]":-1.0,"rhs":0.0},"f78":{"overflow[l2374,15]":-0.0441802856078743,"prod_above[g172,15]":0.0441802856078742,"is_on[g172,15]":-1.0,"rhs":0.0},"f313":{"prod_above[g132,19]":0.0345661942620118,"switch_off[g132,20]":0.170411337711718,"is_on[g132,19]":-1.0,"segprod[g132,4,19]":-0.0345661942620118,"rhs":0.0},"file name":"2017-02-06.1.final.mps.gz","f31":{"is_on[g172,10]":-1.0,"rhs":0.0,"prod_above[g172,10]":0.0406270872166056,"overflow[l2374,10]":-0.0406270872166057},"r288":{"segprod[g172,3,7]":-0.035410459528919,"is_on[g172,7]":-1.0,"segprod[g172,2,7]":0.00317142473314438,"segprod[g172,4,7]":-0.035410459528919,"overflow[l2374,7]":-0.0385818842620634,"rhs":0.0,"segprod[g172,1,7]":0.00317142473314438,"prod_above[g172,7]":0.035410459528919},"f42":{"overflow[l2374,21]":-0.0403900548375773,"is_on[g172,21]":-1.0,"rhs":0.0,"prod_above[g172,21]":0.0403900548375773},"f79":{"overflow[l2374,16]":-0.0444548172351327,"prod_above[g172,16]":0.0444548172351327,"rhs":0.0,"is_on[g172,16]":-1.0},"f47":{"prod_above[g173,24]":0.110722720412949,"overflow[l2375,24]":-0.110722720412949,"rhs":0.0,"is_on[g173,24]":-1.0},"f41":{"overflow[l2374,20]":-0.0396310507697539,"is_on[g172,20]":-1.0,"prod_above[g172,20]":0.0396310507697538,"rhs":0.0},"f71":{"segprod[g173,4,36]":0.0824946378485387,"is_on[g173,36]":-1.0,"overflow[l2375,36]":-0.0824946378485387,"segprod[g173,3,36]":0.0824946378485387,"rhs":0.0,"segprod[g173,1,36]":0.0824946378485387,"segprod[g173,2,36]":0.0824946378485387},"f63":{"is_on[g173,33]":-1.0,"prod_above[g173,33]":0.0840669576504274,"overflow[l2375,33]":-0.0840669576504274,"rhs":0.0},"f314":{"switch_off[g132,20]":0.170411337711718,"is_on[g132,19]":-1.0,"segprod[g132,1,19]":0.0345661942620118,"rhs":0.0,"segprod[g132,2,19]":0.0345661942620118,"segprod[g132,3,19]":0.0345661942620118},"f94":{"is_on[g128,8]":-1.0,"switch_on[g128,8]":0.170411337711718,"segprod[g128,4,8]":-0.0345661942620118,"rhs":0.0,"switch_off[g128,9]":0.170411337711718,"prod_above[g128,8]":0.0345661942620118},"f134":{"is_on[g128,19]":-1.0,"segprod[g128,4,19]":-0.0345661942620118,"switch_off[g128,20]":0.170411337711718,"switch_on[g128,19]":0.170411337711718,"prod_above[g128,19]":0.0345661942620118,"rhs":0.0},"f59":{"overflow[l2375,32]":-0.083986679712596,"prod_above[g173,32]":0.0839866797125959,"is_on[g173,32]":-1.0,"rhs":0.0},"f32":{"is_on[g172,11]":-1.0,"prod_above[g172,11]":0.0415979780054849,"rhs":0.0,"overflow[l2374,11]":-0.041597978005485},"f123":{"overflow[l2374,15]":-0.0441802856078741,"segprod[g172,2,15]":-0.044180285607874,"prod_above[g172,15]":0.044180285607874,"segprod[g172,4,15]":-0.044180285607874,"is_on[g172,15]":-1.0,"rhs":0.0,"segprod[g172,3,15]":-0.044180285607874},"f148":{"prod_above[g104,21]":0.00139952136369362,"segprod[g104,4,21]":-0.00139952136369362,"switch_off[g104,22]":0.23300631184135,"is_on[g104,21]":-1.0,"switch_on[g104,21]":0.23300631184135,"rhs":0.0},"f44":{"is_on[g227,22]":-1.0,"switch_off[g227,23]":0.376354885959406,"prod_above[g227,22]":0.00104624398409709,"overflow[l2429,22]":-0.00104624398409709,"rhs":0.0},"f77":{"overflow[l2374,14]":-0.0434043979072136,"rhs":0.0,"prod_above[g172,14]":0.0434043979072136,"is_on[g172,14]":-1.0},"f49":{"prod_above[g173,26]":0.13930719744566,"is_on[g173,26]":-1.0,"rhs":0.0,"overflow[l2375,26]":-0.13930719744566},"f30":{"prod_above[g172,9]":0.040042845845054,"overflow[l2374,9]":-0.040042845845054,"rhs":0.0,"is_on[g172,9]":-1.0},"f58":{"overflow[l2374,32]":-0.0429062091720597,"prod_above[g172,32]":0.0429062091720597,"is_on[g172,32]":-1.0,"rhs":0.0}}