{"i0":{"switch_off[g233,22]":0.0203841630733027,"rhs":0.0,"overflow[l2435,21]":-0.00170436146097865,"prod_above[g233,21]":0.00170436146097865,"is_on[g233,21]":-1.0},"file name":"2017-01-02.1.final.mps.gz"}