{"i0":{"prod_above[g104,21]":0.00105618926911702,"switch_off[g104,22]":0.421166032953108,"is_on[g104,21]":-1.0,"overflow[l2306,21]":-0.00105618926911702,"rhs":0.0},"i1":{"is_on[g227,22]":-1.0,"switch_off[g227,23]":0.376354885959405,"prod_above[g227,22]":0.00104624398409709,"overflow[l2429,22]":-0.00104624398409709,"rhs":0.0,"startup[g227,1,24]":-0.376354885959405},"file name":"2017-02-06.1.final.mps.gz"}