{"i487":{"is_on[g45,24]":-1.0,"reserve[g45,24]":0.684931506849315,"prod_above[g45,25]":-0.684931506849315,"rhs":0.0,"prod_above[g45,24]":0.684931506849315},"i610":{"reserve[g45,16]":0.684931506849315,"prod_above[g45,17]":-0.684931506849315,"is_on[g45,16]":-1.0,"rhs":0.0,"prod_above[g45,16]":0.684931506849315},"i909":{"switch_off[g250,18]":-1.0,"is_on[g250,21]":-1.0,"switch_off[g250,20]":-1.0,"switch_off[g250,21]":-1.0,"reserve[g250,17]":0.00800768737988469,"rhs":0.0,"prod_above[g250,17]":0.00800768737988469,"switch_off[g250,19]":-1.0,"prod_above[g250,16]":-0.00800768737988469},"i482":{"reserve[g45,22]":0.684931506849315,"prod_above[g45,21]":-0.684931506849315,"prod_above[g45,22]":0.684931506849315,"rhs":0.0,"is_on[g45,22]":-1.0},"i609":{"is_on[g45,17]":-1.0,"prod_above[g45,17]":0.684931506849315,"rhs":0.0,"prod_above[g45,16]":-0.684931506849315,"reserve[g45,17]":0.684931506849315},"file name":"2017-02-13.1.final.mps.gz","i607":{"reserve[g45,11]":0.684931506849315,"is_on[g45,11]":-1.0,"prod_above[g45,12]":-0.684931506849315,"rhs":0.0,"prod_above[g45,11]":0.684931506849315},"i3":{"prod_above[g250,30]":-0.00800768737988469,"switch_off[g250,31]":-1.0,"reserve[g250,31]":0.00800768737988469,"prod_above[g250,31]":0.00800768737988469,"switch_off[g250,33]":-1.0,"rhs":0.0,"switch_off[g250,30]":-1.0,"switch_off[g250,32]":-1.0,"is_on[g250,33]":-1.0},"i908":{"is_on[g273,3]":-1.0,"reserve[g273,1]":0.0018485313418489,"rhs":0.0,"switch_off[g273,3]":-1.0,"switch_off[g273,2]":-1.0},"i2":{"prod_above[g250,30]":0.00800768737988469,"switch_off[g250,31]":-1.0,"reserve[g250,30]":0.00800768737988469,"prod_above[g250,29]":-0.00800768737988469,"switch_off[g250,33]":-1.0,"rhs":0.0,"switch_off[g250,30]":-1.0,"switch_off[g250,32]":-1.0,"is_on[g250,33]":-1.0},"i0":{"is_on[g250,11]":-1.0,"switch_off[g250,9]":-1.0,"reserve[g250,7]":0.00800768737988469,"switch_off[g250,10]":-1.0,"prod_above[g250,6]":-0.00800768737988469,"rhs":0.0,"switch_off[g250,8]":-1.0,"prod_above[g250,7]":0.00800768737988469,"switch_off[g250,11]":-1.0},"i899":{"reserve[g250,19]":0.00800768737988469,"prod_above[g250,18]":-0.00800768737988469,"prod_above[g250,19]":0.00800768737988469,"switch_off[g250,20]":-1.0,"switch_off[g250,22]":-1.0,"switch_off[g250,23]":-1.0,"switch_off[g250,21]":-1.0,"rhs":0.0,"is_on[g250,23]":-1.0},"i321":{"switch_off[g213,11]":-1.0,"prod_above[g213,7]":0.00631751847874155,"switch_off[g213,10]":-1.0,"switch_off[g213,8]":-1.0,"prod_above[g213,6]":-0.00631751847874155,"is_on[g213,11]":-1.0,"switch_off[g213,9]":-1.0,"reserve[g213,7]":0.00631751847874155,"rhs":0.0},"i488":{"segprod[g231,2,36]":0.0288683602771363,"segprod[g231,1,36]":0.0288683602771363,"reserve[g231,36]":0.0288683602771363,"segprod[g231,3,36]":0.0288683602771363,"prod_above[g231,35]":-0.0288683602771363,"rhs":0.0,"is_on[g231,36]":-1.0,"segprod[g231,4,36]":0.0288683602771363},"i486":{"rhs":0.0,"prod_above[g45,23]":0.684931506849315,"is_on[g45,23]":-1.0,"prod_above[g45,24]":-0.684931506849315,"reserve[g45,23]":0.684931506849315},"i606":{"reserve[g45,11]":0.684931506849315,"is_on[g45,11]":-1.0,"prod_above[g45,10]":-0.684931506849315,"rhs":0.0,"prod_above[g45,11]":0.684931506849315},"i608":{"prod_above[g45,15]":-0.684931506849315,"reserve[g45,16]":0.684931506849315,"is_on[g45,16]":-1.0,"rhs":0.0,"prod_above[g45,16]":0.684931506849315},"i318":{"switch_off[g273,4]":-1.0,"rhs":0.0,"switch_off[g273,3]":-1.0,"reserve[g273,2]":0.00187955792797534,"is_on[g273,4]":-1.0},"i483":{"prod_above[g45,22]":-0.684931506849315,"rhs":0.0,"prod_above[g45,23]":0.684931506849315,"is_on[g45,23]":-1.0,"reserve[g45,23]":0.684931506849315},"i907":{"is_on[g110,4]":-1.0,"reserve[g110,4]":0.00187747592137131,"rhs":0.0},"i484":{"reserve[g45,22]":0.684931506849315,"prod_above[g45,22]":0.684931506849315,"rhs":0.0,"prod_above[g45,23]":-0.684931506849315,"is_on[g45,22]":-1.0},"i1":{"is_on[g250,22]":-1.0,"prod_above[g250,18]":0.00800768737988469,"switch_off[g250,20]":-1.0,"switch_off[g250,22]":-1.0,"switch_off[g250,21]":-1.0,"reserve[g250,18]":0.00800768737988469,"rhs":0.0,"prod_above[g250,17]":-0.00800768737988469,"switch_off[g250,19]":-1.0},"i323":{"is_on[g231,31]":-1.0,"prod_above[g231,31]":0.0288683602771363,"switch_off[g231,30]":-1.0,"switch_off[g231,31]":-1.0,"rhs":0.0,"prod_above[g231,30]":-0.0288683602771363,"reserve[g231,31]":0.0288683602771363},"i485":{"is_on[g45,24]":-1.0,"reserve[g45,24]":0.684931506849315,"rhs":0.0,"prod_above[g45,23]":-0.684931506849315,"prod_above[g45,24]":0.684931506849315},"i322":{"is_on[g231,31]":-1.0,"reserve[g231,30]":0.0288683602771363,"switch_off[g231,30]":-1.0,"switch_off[g231,31]":-1.0,"prod_above[g231,29]":-0.0288683602771363,"rhs":0.0,"prod_above[g231,30]":0.0288683602771363}}