{"i1204":{"is_on[g230,11]":-1.0,"rhs":0.0,"reserve[g230,11]":0.0016660557795475},"i526":{"prod_above[g45,19]":0.684931506849315,"is_on[g45,19]":-1.0,"rhs":0.0,"reserve[g45,19]":0.684931506849315,"prod_above[g45,20]":-0.684931506849315},"i1170":{"reserve[g63,27]":0.0020867678053463,"rhs":0.0,"is_on[g63,27]":-1.0},"i1214":{"rhs":0.0,"is_on[g230,32]":-1.0,"reserve[g230,32]":0.00139349516457178},"i528":{"prod_above[g45,21]":-0.684931506849315,"rhs":0.0,"reserve[g45,20]":0.684931506849315,"is_on[g45,20]":-1.0,"prod_above[g45,20]":0.684931506849315},"i1188":{"reserve[g148,3]":0.00224149911460785,"rhs":0.0,"is_on[g148,3]":-1.0},"i1161":{"switch_off[g109,6]":-1.0,"switch_off[g109,3]":-1.0,"switch_off[g109,5]":-1.0,"reserve[g109,5]":0.00223069887795846,"rhs":0.0,"switch_off[g109,4]":-1.0,"is_on[g109,6]":-1.0},"i1189":{"reserve[g148,5]":0.00223069887795846,"rhs":0.0,"is_on[g148,5]":-1.0},"i1211":{"rhs":0.0,"is_on[g230,24]":-1.0,"reserve[g230,24]":0.00193027834613751},"i1200":{"is_on[g230,4]":-1.0,"rhs":0.0,"reserve[g230,4]":0.00225012375680662},"i1216":{"switch_off[g110,4]":-1.0,"switch_off[g110,6]":-1.0,"switch_off[g110,5]":-1.0,"is_on[g110,7]":-1.0,"reserve[g110,5]":0.00223069887795846,"switch_off[g110,7]":-1.0,"rhs":0.0},"i527":{"prod_above[g45,21]":0.684931506849315,"is_on[g45,21]":-1.0,"reserve[g45,21]":0.684931506849315,"rhs":0.0,"prod_above[g45,20]":-0.684931506849315},"i1181":{"switch_off[g272,25]":-1.0,"reserve[g272,24]":0.00193027834613751,"rhs":0.0,"is_on[g272,25]":-1.0},"i1199":{"reserve[g230,2]":0.00212756903961534,"is_on[g230,2]":-1.0,"rhs":0.0},"i1209":{"is_on[g230,20]":-1.0,"reserve[g230,20]":0.00149318361678936,"rhs":0.0},"i1168":{"is_on[g63,3]":-1.0,"rhs":0.0,"reserve[g63,3]":0.00224149911460785},"i1197":{"prod_above[g45,3]":0.684931506849315,"reserve[g45,3]":0.684931506849315,"rhs":0.0,"is_on[g45,3]":-1.0,"prod_above[g45,4]":-0.684931506849315},"i1215":{"reserve[g230,33]":0.0013541694878531,"is_on[g230,33]":-1.0,"rhs":0.0},"i1212":{"reserve[g230,26]":0.00201645426681723,"is_on[g230,26]":-1.0,"rhs":0.0},"i1210":{"is_on[g230,21]":-1.0,"rhs":0.0,"reserve[g230,21]":0.00152872473782371},"i1207":{"reserve[g230,18]":0.00144977963349571,"is_on[g230,18]":-1.0,"rhs":0.0},"i1206":{"is_on[g230,15]":-1.0,"rhs":0.0,"reserve[g230,15]":0.00166908684258842},"file name":"2017-01-22.1.final.mps.gz","i1178":{"rhs":0.0,"is_on[g272,30]":-1.0,"reserve[g272,30]":0.00180505415162455},"i530":{"prod_above[g45,21]":0.684931506849315,"is_on[g45,21]":-1.0,"prod_above[g45,22]":-0.684931506849315,"reserve[g45,21]":0.684931506849315,"rhs":0.0},"i1213":{"reserve[g230,31]":0.0014673729621858,"is_on[g230,31]":-1.0,"rhs":0.0},"i1184":{"reserve[g63,28]":0.00204060810121416,"rhs":0.0,"is_on[g63,28]":-1.0},"i1009":{"is_on[g107,28]":-0.651940298507462,"reserve[g107,27]":0.0099502487562189,"is_on[g107,27]":-1.0,"startup[g107,1,28]":0.651940298507462,"rhs":0.0,"prod_above[g107,27]":0.0099502487562189,"prod_above[g107,28]":-0.0099502487562189},"i525":{"prod_above[g45,19]":-0.684931506849315,"rhs":0.0,"reserve[g45,20]":0.684931506849315,"is_on[g45,20]":-1.0,"prod_above[g45,20]":0.684931506849315},"i1177":{"reserve[g110,30]":0.00180505415162455,"rhs":0.0,"is_on[g110,30]":-1.0},"i1201":{"is_on[g230,7]":-1.0,"rhs":0.0,"reserve[g230,7]":0.00201340930597781},"i1203":{"reserve[g230,10]":0.00170770859660508,"rhs":0.0,"is_on[g230,10]":-1.0},"i1174":{"is_on[g172,4]":-1.0,"reserve[g172,4]":0.00225012375680662,"rhs":0.0},"i1169":{"reserve[g63,5]":0.00223069887795846,"rhs":0.0,"is_on[g63,5]":-1.0},"i1144":{"prod_above[g45,5]":0.684931506849315,"reserve[g45,5]":0.684931506849315,"rhs":0.0,"is_on[g45,5]":-1.0,"prod_above[g45,4]":-0.684931506849315},"i1202":{"reserve[g230,8]":0.00188480096501809,"rhs":0.0,"is_on[g230,8]":-1.0},"i1205":{"is_on[g230,14]":-1.0,"rhs":0.0,"reserve[g230,14]":0.00166711122966124},"i872":{"reserve[g272,1]":0.00210402289176906,"is_on[g272,2]":-1.0,"rhs":0.0,"switch_off[g272,2]":-1.0},"i1160":{"switch_off[g109,6]":-1.0,"switch_off[g109,3]":-1.0,"reserve[g109,3]":0.00224149911460785,"switch_off[g109,5]":-1.0,"rhs":0.0,"switch_off[g109,4]":-1.0,"is_on[g109,6]":-1.0},"i529":{"reserve[g45,22]":0.684931506849315,"prod_above[g45,21]":-0.684931506849315,"prod_above[g45,22]":0.684931506849315,"rhs":0.0,"is_on[g45,22]":-1.0},"i1198":{"rhs":0.0,"reserve[g148,30]":0.00180505415162455,"is_on[g148,30]":-1.0},"i1208":{"is_on[g230,19]":-1.0,"reserve[g230,19]":0.00148145953393283,"rhs":0.0},"i531":{"reserve[g45,22]":0.684931506849315,"prod_above[g45,22]":0.684931506849315,"rhs":0.0,"prod_above[g45,23]":-0.684931506849315,"is_on[g45,22]":-1.0}}