{"i320":{"is_on[g231,31]":-0.0236406619385343,"is_on[g231,30]":-1.0,"reserve[g231,30]":0.0295508274231678,"switch_on[g231,31]":0.0236406619385343,"prod_above[g231,31]":-0.0295508274231678,"rhs":0.0,"prod_above[g231,30]":0.0295508274231678},"i194":{"is_on[g231,18]":-1.0,"reserve[g231,18]":0.0295508274231678,"prod_above[g231,19]":-0.0295508274231678,"prod_above[g231,18]":0.0295508274231678,"rhs":0.0,"is_on[g231,19]":-0.0236406619385343,"switch_on[g231,19]":0.0236406619385343},"i918":{"reserve[g273,28]":0.00187747592137131,"rhs":0.0,"is_on[g273,28]":-1.0},"file name":"2017-02-12.1.final.mps.gz","i921":{"is_on[g273,23]":-1.0,"rhs":0.0,"reserve[g273,23]":0.0016933653943848},"i931":{"reserve[g61,2]":0.00197800458897065,"rhs":0.0,"is_on[g61,2]":-1.0}}