{"i0":{"is_on[g104,35]":-1.0,"switch_off[g104,36]":0.4238065061259,"prod_above[g104,35]":0.00105618926911702,"rhs":0.0,"overflow[l2306,35]":-0.00105618926911702},"file name":"2017-01-31.1.final.mps.gz"}