{"i0":{"overflow[l2306,22]":-0.00105618926911702,"prod_above[g104,22]":0.00105618926911702,"is_on[g104,22]":-1.0,"rhs":0.0,"switch_off[g104,23]":0.418536121673006},"file name":"2017-01-15.1.final.mps.gz"}